cip4,hours_per_week,time_pressure,decision_autonomy,decision_frequency,precision_required,physical_standing,physical_sitting,outdoor_work,indoor_climate_controlled,teamwork_required,customer_facing,phone_use,email_use,n_routing_socs,n_routing_socs_with_context,pct_routing_emp_with_context
01.00,2.570565307567786,3.5119088931606637,4.22910486645083,3.277604073101638,4.101664558883043,2.9631389915705104,3.1422973998381223,3.14016863297174,4.22720799074138,4.160130488668555,3.3046231282881426,4.338097910764873,4.797540722379603,5,5,1.0
01.01,2.524143503938479,3.858320674128757,4.321387010318009,4.249990440451873,4.012790304948606,2.374646059985105,3.868946727787054,1.8823363719166157,4.321032471797137,4.561913020452526,3.9173498749168676,4.8713866866379,4.713113307134928,10,9,1.0
01.02,2.292701405825551,3.895891777209367,4.138875934408026,4.143055737314854,4.339125175976047,3.938497610691413,2.2885190252414094,3.572086728927488,2.7913364265461107,4.103227450280571,3.3298278904685428,3.8133172724208353,3.8322273114825616,6,6,1.0
01.03,2.399259406058223,3.185793472293915,4.2891522667125495,3.517921603208547,3.6227837487402605,3.1905730075625365,2.752974580320785,3.981012042294488,3.2660117105496127,4.0554899364189785,3.5156421601160193,4.346220974772428,3.903820115281567,10,10,1.0
01.04,2.5126162430254184,3.951137631742095,4.365216986980781,4.077599194048357,4.240492870427774,3.315478921264724,2.7667916924984506,3.409229696218227,4.006407315561066,4.226849039057656,3.077991320520769,4.277244265344079,4.051692498450093,4,4,1.0
01.05,1.7564154244356038,3.357973206154436,3.914165747974884,3.982848104299477,3.683125629104156,4.089133873364329,1.862648228922015,3.299692997172027,4.5807077122178015,4.323851315726405,3.6627714135071656,3.8861424531467192,3.723329818338686,4,4,1.0
01.06,2.1722766610031115,3.815557624837265,3.5583397250601294,3.601897438160595,3.6552526754782764,4.019411637503033,2.131304662503586,3.51230503762219,3.2335774399258588,4.402711710320174,3.5382240561353955,3.7460354376751472,2.9982077274432353,9,9,1.0
01.07,2.6216514954486345,3.754408322496749,4.232834850455137,3.414915474642393,4.284577373211964,2.9727178153446037,3.412028608582575,2.004148244473342,4.810975292587777,4.337542262678804,3.079661898569571,4.407672301690507,4.940169050715214,2,2,1.0
01.08,2.1823012552301257,4.168734924932316,4.511907457543686,3.8571006645335957,4.462131429977849,2.3570785134137338,3.8348781688407585,2.0167905488555253,4.6020403642628605,4.337587989170564,3.8335786364755102,4.447696283534333,4.6890745754368695,3,3,1.0
01.09,2.6281186430477264,3.5928368808554176,4.442097217485505,3.771882854216831,3.8873769735390304,2.960265275156613,3.0011326659578312,3.987820873335823,3.628053746904552,4.187561718859711,3.4883304913033877,4.4557894958573225,4.224225530122173,6,6,1.0
01.10,2.377948408795253,3.8655135323793512,3.979327029856903,3.178028048354856,4.104727290033949,3.8704495986293113,2.138582669670337,1.7509782022400606,3.8063686264555643,4.162961893581242,2.1711517593679606,3.194588317415998,2.4495776882317477,8,8,1.0
01.11,2.5243525594329648,3.464289360958708,4.34432623638264,3.5002724864616854,3.7539555000651634,2.8803843626876686,3.0648532946436355,3.9448583423117594,3.8449833297171634,4.19320936323196,3.6650747462720705,4.463201799762046,4.472841445850589,9,9,1.0
01.12,2.5134179894179898,3.630897546897547,4.21372126022126,3.2959070378582576,4.19503391053391,2.807737209493307,3.2650026455026455,3.0420037776135342,4.28243278311571,4.09862239057239,3.2154446849446847,4.215413636363636,4.829265993265993,4,4,1.0
01.13,2.5571428571428574,3.3085714285714287,4.020714285714286,3.46219512195122,4.013571428571429,3.0609756097560976,2.9392857142857145,4.067560975609756,3.319268292682927,4.0005,3.5335714285714284,4.2705,4.576666666666666,1,1,1.0
01.80,2.355196068954406,3.899117448042533,4.811813758659579,4.113823102948285,4.024460447881424,2.982940550990817,3.454706621556307,1.3723528274528758,4.712744965361688,4.546127275656517,3.917205413243113,4.518480103109392,4.7812746898662795,2,2,1.0
01.81,2.358550284508663,3.897150437951538,4.808483153251071,4.110792468512244,4.02632024806598,2.980943354005498,3.4545115401828523,1.38725752829103,4.706801355412057,4.543157406815421,3.914463908957228,4.52022920529378,4.783001726232338,3,3,1.0
01.82,2.366285146590048,3.8628955579206448,4.3522204029228355,4.415628717380937,4.210038374222088,2.509360958095037,3.7128007724225394,1.9683953389549687,4.272524992625339,4.53333708888707,4.23427599031613,4.851396117355207,4.7637334492486945,6,6,1.0
01.83,2.045558782063422,3.8345731540517227,4.160926288323549,4.012877554026471,4.1848086189844915,3.601860572775288,2.887566441512531,1.8333400669149675,4.643363213601835,4.44711697493845,3.7320857269111802,4.353031584706353,4.233873282410622,3,3,1.0
03.01,2.2981822494031703,3.8408957314625654,4.089254016674068,3.684158002330163,4.166825570818609,2.370889050651565,3.9864403751024553,2.6784017518090097,4.168738981839156,4.147612687267528,3.8784120459999554,4.75007295038284,4.887950113621087,8,8,1.0
03.02,2.4371183189511934,3.7195429258340407,4.229700715274771,4.121718595099803,4.2666396912027675,2.701328487967522,3.533329294023553,3.4365110449925456,3.969572226712766,4.459765502345722,4.214506197770805,4.593161151793287,4.601910011131918,19,19,1.0
03.03,2.66,3.88,4.45,4.2,3.96,3.2,2.6600000000000006,4.49,3.3899999999999997,4.13,3.23,4.56,3.66,2,1,1.0
03.05,2.436216105857834,3.5773073091726735,4.259810484661055,3.9159741110345307,3.7619167343784468,3.1326792489541786,2.832632204355621,4.270823777180057,3.7766332370345617,4.366978072344956,3.793903199330236,4.598536904861409,4.474397725980359,6,6,1.0
03.06,2.282039103631373,3.2428278938808566,4.085310810550202,3.390143287842069,3.6308745122492136,2.6464628023733456,3.44520913477212,3.677790416621133,4.223558430734427,4.313317573170654,4.147136235946028,4.608761032649572,4.94073350647013,3,3,1.0
03.99,2.64,3.85,4.77,3.51,3.7,2.79,3.48,3.2,4.24,4.57,4.02,4.04,5.0,1,1,1.0
04.02,2.764906879267133,3.6013195056607032,4.279757399565325,3.759988049173031,4.024710828796128,2.2818313809602375,3.891227162734423,2.357423763751653,4.387952208106473,4.607351827845475,3.354650851266096,4.654504969319851,4.946836358136721,3,3,1.0
04.03,2.678886149659864,3.580077061224489,4.377177128747796,3.78123599640611,3.934238476190476,2.3337769696969697,3.7067691428571434,2.214296747795415,4.437003428571428,4.591493006802721,3.3940265578231297,4.56786187755102,4.954213714285714,4,3,0.9373660905584916
04.04,2.6927532720088903,3.6882731818743055,4.149580372291046,3.664627158722135,3.9726326707000865,2.322546358136246,3.952342912705273,2.2841488684016777,4.414176318063958,4.561708112112607,3.5502285467341648,4.695912149648104,4.956008859118409,6,6,1.0
04.05,2.673231436083982,3.728626586532758,4.344927332882287,3.896004183007902,4.086006089122613,2.483675112598445,3.7410396484915585,2.1083292841693066,4.4318931635759755,4.582397295480606,3.407973883990352,4.614391581985687,4.948788748962082,3,3,1.0
04.06,2.711835735800344,3.6130038009179573,4.4274322134215875,3.889683940163169,4.053327476572958,2.3829168948521353,3.6840641733601074,2.2658354095393927,4.454405120481928,4.60472270032511,3.2554709313444254,4.53589919200612,4.949720130522088,3,3,1.0
04.08,2.773667747163695,3.598481361426256,3.9234262560777955,3.376568881685575,3.9313662884927063,2.1176920583468393,4.304792544570502,2.5832042139384117,4.318876823338736,4.531815235008104,3.5837633711507295,4.758411669367909,4.9256223662884935,3,3,1.0
04.09,2.574703547873056,3.854285366923281,4.225181290223082,3.7217715238339384,4.251490532202668,2.3129189220554225,3.92872465882496,2.2594489416622485,4.511575635998906,4.564198092111833,3.173565458279601,4.50015301315201,4.940161697212851,3,3,1.0
04.10,2.7229465224964216,4.102874092469002,4.375771638470692,4.062728715056823,3.9144030558573473,2.453922948247021,3.620480624967666,3.1487521340990225,4.030691189404521,4.010010864504113,4.065260489420042,4.940173487160915,4.974421853173987,6,4,0.9706399290269664
05.01,2.71,4.03,4.65,3.68,3.5499999999999994,2.66,3.91,1.27,4.49,4.19,3.16,3.33,4.9,1,1,1.0
05.02,1.977010341102022,4.021764161135978,4.164085507022689,4.371810464577867,4.661838246643001,2.7094150331841336,3.6629248340793334,1.8053295261614448,4.177038123167155,4.618263620929156,2.945868189535422,3.585311004784689,4.587038123167155,2,2,1.0
05.99,2.71,4.03,4.65,3.68,3.5499999999999994,2.66,3.91,1.27,4.49,4.19,3.16,3.33,4.9,1,1,1.0
09.01,2.5223507433032535,4.326352338186601,4.0711927548721665,4.015142172344728,4.109203973329705,2.1952635104723823,4.108564581726917,1.838354494419265,4.25842662470503,4.3084809492075795,3.8474902103082806,4.630453634601137,4.924021862384905,10,8,0.8690641999316743
09.04,2.238060470045805,4.361351401522183,4.232335870305055,3.8357517610622063,4.173554235505229,2.1822094501006695,4.143100365076419,2.1180315146149558,4.32090790745051,3.9275298082277845,3.5499681331600765,4.382735098266006,4.8752159519831695,8,8,1.0
09.07,2.586463404826747,3.9952208135739804,4.220692345506364,3.8554808114957937,3.985284813355001,2.162565196998425,4.039533979487765,2.137664820928676,4.481609547045024,4.4779065881085875,3.368016682860806,4.523580851134501,4.867249201385689,8,7,0.977203104011442
09.09,2.4575152380141807,4.025298115134572,4.208612767851882,3.740154507898889,3.7774263305028706,2.3741471622267465,4.01507820325645,1.660508828555155,4.218676993381038,4.395834375388725,3.5542581984117114,4.637984523022331,4.955908879621325,17,15,0.943714358090366
09.10,2.2,4.57,4.07,4.33,4.44,1.88,4.4,1.63,4.9,4.58,3.71,4.53,4.89,1,1,1.0
09.99,2.175307784445376,4.233657122985974,4.225546539932769,3.9134292582040477,4.134760635215023,1.9851149789123588,4.309830184305088,1.5641384383554315,4.26950477481253,3.9117131367531273,3.313229396082068,4.199707537159722,4.843453691897531,3,3,1.0
10.01,2.3100428639466584,4.335380219082394,4.023667248769645,3.2488410858866485,4.371516113668836,2.114102238450548,4.344702333703762,2.167686934434037,4.920238133036991,4.40645181774885,2.895615177012224,4.447886966185109,4.965099222098745,4,3,0.7275352275352275
10.02,2.093268688293371,4.093708862247297,4.12987658674189,3.427509990597085,4.496723084156089,2.3649089092618714,3.906000822755054,1.9112188528443819,4.765108133521391,4.521383991537377,3.455230371415139,4.307462976022567,4.742467677480018,8,6,0.9028971665074816
10.03,2.1827416723519115,4.532360513748406,4.283594459110728,3.7428831607985047,4.736513214486993,2.863721709726218,3.3803188680924268,1.1206846023789043,4.562633702132708,4.151661376916916,2.7634227152730397,3.482880787826654,3.495412452169786,6,6,1.0
11.01,2.338234689705194,3.64359922145296,4.188123066155597,3.0626515310354385,4.191086703886276,1.8110844481428716,4.612230264685549,1.1797592695413537,3.9805155032081228,4.487745615018647,2.4587893962317127,4.114428521304387,4.8053056244525685,14,14,1.0
11.02,2.1913754888620747,3.634090951879712,4.213535424850024,2.6133131798071076,4.2269059844419905,1.5976772954053384,4.823792200456984,1.0687448332520346,3.563401752629372,4.521459098183187,2.1082609346786128,3.6077068196794264,4.6337881783095,7,7,1.0
11.03,2.3899,3.9119607843137256,4.02960396039604,3.4448484848484844,4.117058823529412,2.063061224489796,4.4002,1.3535353535353536,4.428979591836735,4.2993814432989685,3.0788118811881198,4.592142857142857,4.94107843137255,1,1,1.0
11.04,2.285020434908692,3.5609108881145124,4.256220586479782,2.956974341955675,4.143364350847113,1.5996909778189572,4.769330414145527,1.1031594684456074,3.6315755472709847,4.55884932308261,2.38330144080704,3.8632277720192705,4.714106154268994,7,7,1.0
11.05,2.4944109484462946,3.8668577644852897,4.111672809428719,3.3236292984235583,4.363926249942273,2.2699523042498226,4.215485136378964,1.3232350448612835,4.542829600899693,4.471471958631253,2.966168677903013,4.62261209140644,4.987858112482044,6,6,1.0
11.06,1.9157935905668086,4.15741988208511,4.34122759908937,3.176466055688518,4.830039110384683,1.5615089603642522,4.892103204716595,1.0126192282995738,4.102103204716596,4.05,2.7858793999182763,4.352462786760842,4.417779464129357,2,2,1.0
11.07,2.316193280018376,3.629875510384313,4.201495856080706,2.9901876797035585,4.187677832333871,1.690654601062973,4.705892791309878,1.1361390567269791,3.825369731335369,4.49677292274284,2.4330776430744883,3.9649926371441397,4.772355495245001,13,13,1.0
11.08,2.2790629459914937,3.6207012749981327,4.24277080573439,2.961184453921543,4.1905283782643545,1.6676199629592745,4.738747004237034,1.0978852385715976,3.708179491266736,4.516025491360623,2.38229836244577,3.8422844815432233,4.724233512560139,13,13,1.0
11.09,2.318205329146965,3.5949436387949754,4.214972316059238,2.990408236364336,4.2285969218841295,1.764397030815612,4.621401200682938,1.1637994363512054,3.8135689488915565,4.543133492736539,2.522173461583748,4.023544174389917,4.761151724642082,10,10,1.0
11.10,2.5296957786024428,3.6942649048220018,4.265932287211193,3.671504983675366,4.058262244667583,2.0701860814073227,4.202990259874056,1.5846286998724528,4.49169627588667,4.3737654826348855,2.7586437408336457,4.563404030193378,4.9370410680188686,13,12,0.7798033426927563
12.03,2.5453977272727273,4.022859848484848,4.350317234848485,4.49721590909091,4.548641098484849,3.1796780303030303,2.9233191287878793,3.5660179924242428,4.531486742424242,4.408821022727272,4.614554924242423,4.867372159090909,4.118967803030303,4,3,0.9347200708121266
12.04,1.7770551426298924,3.1941951745523824,4.469672766667581,3.616920691800262,4.185027933137689,3.620951333610414,2.635141068674589,1.3169563217711804,4.4553490938959905,3.9635847983813965,3.8994353473041214,4.361855598617971,2.487396030063861,8,8,1.0
12.05,1.7892511734549952,3.281778349039495,3.819922306992371,3.7574697065142924,4.026913277804997,4.4258601059238005,1.5313210144420333,1.5396169435659883,4.529354445978649,4.203405299583643,3.5706671672276764,3.323236020879333,2.467193994964695,14,11,0.9641868940229006
12.06,1.8835939393939394,2.8858931818181817,2.8755719696969697,4.234866666666667,4.675064393939394,4.243522727272727,2.010980303030303,1.1272318181818182,4.725517424242423,4.449820454545454,4.441612121212121,2.319585606060606,2.7515439393939394,4,4,1.0
12.99,1.95,3.86,4.41,3.23,3.76,3.36,2.9100000000000006,1.57,4.64,4.0,4.27,4.91,5.0,1,1,1.0
13.01,2.5900000000000003,3.5200000000000005,4.86,4.02,4.3,2.31,4.01,1.06,4.78,4.48,4.02,4.08,5.0,3,1,1.0
13.02,2.5936456512325385,3.457599076197655,4.097617707280825,3.836997535457865,3.321517217045437,3.7281550683496123,2.541714727911341,2.4270385933398555,4.4556803152047815,4.599493512533881,3.7280806509385043,3.465360031648785,4.6318657011649105,8,7,0.9676648379361987
13.03,2.863384826257687,3.6059209453952734,4.203876416981551,3.496663332592428,3.487656516262873,2.7864706971919686,3.681938208490776,1.6458246276950435,4.9440308957546115,4.745573831221754,3.6919382084907757,4.454927761724828,5.0,2,2,1.0
13.04,2.757279924260973,3.6692617077191785,4.325308914026411,4.086608556551263,3.724931035045623,3.2128774300964693,3.0245445048397888,2.0902716158203156,4.206165058844653,4.733408092976184,3.8111192726441736,4.612755333561856,4.949613469794166,5,4,0.9199201153222416
13.05,2.4728366846745113,3.6523019671752492,4.247179612211115,3.2039117658381344,3.1836891272825265,2.7721114091031582,3.726465885613828,1.5557536988797496,4.41216479102773,4.425578411117812,3.3975748437680453,4.54773935248752,4.971241643034044,3,3,1.0
13.06,2.2329392786542837,3.909039759800082,4.180871199405942,3.6892089746067587,4.072834066863103,1.9839816594952548,4.214140899879403,1.6781930034791341,4.304095037315078,4.388765709666199,3.56108034015889,4.808004870069321,4.992767645120784,8,6,0.8902724510634059
13.09,2.5900000000000003,3.5200000000000005,4.86,4.02,4.3,2.31,4.01,1.06,4.78,4.48,4.02,4.08,5.0,1,1,1.0
13.10,2.4374389993380654,3.7391481591381153,4.3486670014379945,3.9748147725457077,3.835078176713611,3.0931250142658238,3.050905023852457,1.9992716441076444,4.2285590376846,4.704434959256807,3.2758334664810205,3.8636294537901446,4.879624980027847,9,6,1.0
13.11,2.301567880327406,3.7424703640982218,3.978836202841283,3.8479337190704674,3.8984563458462693,2.3554391287985696,4.059644369178662,1.6199515476526483,4.494442327594317,4.74871765923417,3.961449336720294,4.801971963496095,4.865724668360146,2,2,1.0
13.12,2.4731697721228927,3.43321566852942,4.169796196772762,3.7317271225694855,3.306626870462464,3.54082727213961,2.7219290979650883,2.2862460573448744,4.426110953838335,4.5138195885595565,3.63630775780785,3.50711374239611,4.618737926837695,13,9,0.9419366623764102
13.13,2.5704938304815395,3.5214946312877258,4.284887587090258,3.8281813008651597,3.4081249133494596,3.584876785518445,2.747848811102857,2.169091364329568,4.50904337803639,4.420442802366413,3.6845769073982493,3.6241593293920698,4.862163190643604,30,29,0.9747843732098337
13.14,2.5937041583717413,3.456597636591281,4.085382634839501,3.8340606251544687,3.305814061494255,3.7509142931637136,2.5181509898233827,2.4489774767312067,4.450475479159254,4.601411201068993,3.7233957908402293,3.455495998066253,4.625957707422929,6,6,1.0
13.15,1.6207105139331834,3.4126062633972913,4.069810738746275,3.02786845820045,3.7179149892821672,2.9782469807079,3.337440267684425,1.1170617451769749,3.951895749464108,4.09037852250745,2.822891723741308,2.6757834474826163,4.733980760181942,6,2,0.6252492563172175
13.99,,,,,,,,,,,,,,2,1,0.320966865833786
14.01,2.69011511157172,3.5885755107922943,4.363025166460952,3.6829265048717925,4.091871019686964,2.345288687372478,3.724500827476763,2.0813794804817474,4.461159726318721,4.428757618939664,3.12732188522201,4.448808016749225,4.941900403513829,3,3,1.0
14.02,2.7310888119481262,3.663657331339247,4.4194418365016395,3.689699552722226,4.044586548114155,2.3349440830215245,3.746313208088341,2.0017774165962896,4.507095654668005,4.461238532298047,3.17975468644363,4.405798774866321,4.8995350638175825,5,5,1.0
14.03,2.7724809045596563,3.5883599752765787,4.496506157648142,3.8509750686960817,3.993337435001786,2.3545621980131566,3.6951347596554602,2.0856511582435453,4.449476838804429,4.490224325351146,3.112121904610691,4.456659162692584,4.962428849283532,3,3,1.0
14.04,2.679660976641616,3.585938700447942,4.369851486762025,3.667517625216007,4.08226733369373,2.3549555340787176,3.7166176529264163,2.0789026910981683,4.4618010588457215,4.419000792925986,3.122933960728631,4.427264251234856,4.9369659168268925,4,4,1.0
14.05,2.7457238406736773,3.5808177890243966,4.45968467272903,3.7705007131549886,4.02102274815332,2.3388374353954453,3.7197195986917055,2.017820353152388,4.458847157399581,4.48427332433837,3.088606340923051,4.414327819106768,4.954771599720702,3,3,1.0
14.06,2.7524425235579146,3.5828601621661105,4.443921241848633,3.7441355004486243,4.003953298108062,2.349344655004106,3.708965058803477,2.0996458029531153,4.477567751832282,4.477780174827728,3.0592373322944315,4.441820497212009,4.967733765126982,4,4,1.0
14.07,2.6777385765478905,3.5823680133299716,4.3303014322318685,3.6208247669252214,4.10222360363382,2.3230972351279666,3.7507272993934477,2.0814803395229604,4.481154020293344,4.423233162288872,3.0806691847154175,4.425497449663664,4.941019115523918,5,5,1.0
14.08,2.6232176072921103,3.6945417386022554,4.1276219262905025,3.6231742817383106,4.116005647118845,2.2400013579275253,3.9496544102160493,2.4730619841624706,4.420517324650792,4.4280466469879345,3.3911077624363206,4.641480569096987,4.962196149017248,7,7,1.0
14.09,2.231521306482925,3.568499294117804,4.25199645423936,2.70371608089792,4.241665905956734,1.7179812497513303,4.702751181668199,1.2138152030195866,3.560013407654983,4.50025468640669,2.19596719356872,3.7296161238752705,4.650780787732652,7,7,1.0
14.10,2.6512887855006277,3.672954130480257,4.381024603678913,3.5824758245113375,4.233966767485507,2.2775647047917937,3.952659557324953,1.9217843528126228,4.5409633645622645,4.390127871596925,3.0980773493429314,4.470678584027891,4.91502852943893,7,7,1.0
14.11,2.6349830300604054,3.5912248247375724,4.223055289396517,3.410630689105652,4.149463590343249,2.3937129533256094,3.714109086921308,2.005577535006394,4.519048869160473,4.466205286803461,3.058510421371696,4.446207685200625,4.959665146629151,4,4,1.0
14.12,2.628211023160413,3.5262768985258504,4.325665401800122,3.5839818269516934,4.12066184136288,2.3238486688393962,3.8079033614718405,1.9887255146344498,4.456395014884421,4.436315794540379,3.1604398587068787,4.427146600886399,4.940520284511086,5,5,1.0
14.13,2.69011511157172,3.5885755107922943,4.363025166460952,3.6829265048717925,4.091871019686964,2.345288687372478,3.724500827476763,2.0813794804817474,4.461159726318721,4.428757618939664,3.12732188522201,4.448808016749225,4.941900403513829,3,3,1.0
14.14,2.748410231474261,3.6127796177876452,4.381488331822928,3.7365157955706247,3.9887097810031467,2.3567377000367817,3.734093507160748,2.241729164139414,4.414624301586282,4.453460324596088,3.268628448489408,4.526758213528812,4.96053047331578,4,4,1.0
14.18,2.619808170309033,3.666799367721913,4.222623888531716,3.591257636903063,3.978418434676683,2.121313682967119,4.089630697391128,1.8095007538245789,4.385942746929246,4.332505358411763,2.9562957495250664,4.598234580970749,4.980783067708862,4,4,1.0
14.19,2.598016174088825,3.637009423507517,4.1662058599975795,3.3644863916001824,4.064301922470848,2.212940206657509,3.98086794080198,1.82396292043336,4.4901686101481255,4.405896818277845,2.9950898480655814,4.538948732956297,4.983141336076777,5,5,1.0
14.20,2.7563475726529716,3.583817773684816,4.473998594594889,3.7772073439916634,4.001269137792103,2.371634878563675,3.6872936048641125,2.042282603092434,4.455047615559299,4.487295122283035,3.1060924892995803,4.435998984899065,4.9653311112739,3,3,1.0
14.21,2.7774306057338505,3.5891075736185063,4.491151257864354,3.851570496679651,3.9945961403781807,2.356125416486867,3.6956252431717376,2.097066361747321,4.442575285969963,4.485330380070477,3.0985214046711205,4.454210344942583,4.961329079449071,3,3,1.0
14.22,2.7634076086656396,3.592246814996438,4.476353922827695,3.832651239153442,4.003303954540183,2.369129284260909,3.686909041710155,2.1200003722459173,4.4308952800649415,4.46697829172258,3.116703666274581,4.458761231037701,4.954927905987862,3,3,1.0
14.23,2.761994468793971,3.5885328826424714,4.44311104681798,3.8154705802354956,4.029983395599834,2.3339177121606647,3.7044012981621948,2.0774825325344217,4.438060681535152,4.45899397820942,3.0733049225577243,4.466259643221037,4.958718064832636,3,3,1.0
14.24,2.69011511157172,3.5885755107922943,4.363025166460952,3.6829265048717925,4.091871019686964,2.345288687372478,3.724500827476763,2.0813794804817474,4.461159726318721,4.428757618939664,3.12732188522201,4.448808016749225,4.941900403513829,3,3,1.0
14.25,2.75968246893141,3.595287974784297,4.458982231246922,3.860756441039313,3.9801459772676626,2.3399452289779905,3.7322126885075404,2.0855872383043472,4.437219745932694,4.520516730873316,3.118158277351502,4.481748914854553,4.96343250872892,3,3,1.0
14.27,2.6267199205818685,3.6400356362926964,4.293834300799729,3.4887109765474014,4.1629833470378355,2.3833733302856146,3.7435352810744167,1.9073404370994862,4.4654753518246055,4.387227308386128,3.0811908907568393,4.507440653009772,4.94663106393711,5,5,1.0
14.28,2.7563475726529716,3.583817773684816,4.473998594594889,3.7772073439916634,4.001269137792103,2.371634878563675,3.6872936048641125,2.042282603092434,4.455047615559299,4.487295122283035,3.1060924892995803,4.435998984899065,4.9653311112739,3,3,1.0
14.32,2.7524425235579146,3.5828601621661105,4.443921241848633,3.7441355004486243,4.003953298108062,2.349344655004106,3.708965058803477,2.0996458029531153,4.477567751832282,4.477780174827728,3.0592373322944315,4.441820497212009,4.967733765126982,4,4,1.0
14.33,2.5830907225241915,3.708366784666793,4.094762220782878,3.57622479707112,4.087234083245041,2.137152605320372,4.090089228659735,2.2327705936959674,4.402355327116538,4.356807339790157,3.2365173842388124,4.666956385347911,4.971051357469768,5,5,1.0
14.34,2.69011511157172,3.5885755107922943,4.363025166460952,3.6829265048717925,4.091871019686964,2.345288687372478,3.724500827476763,2.0813794804817474,4.461159726318721,4.428757618939664,3.12732188522201,4.448808016749225,4.941900403513829,3,3,1.0
14.35,2.698155443451793,3.8005452642911606,4.3791406726723,3.80080914772747,4.175381024250324,2.548224389226477,3.530202002551791,2.2716941347237083,4.4038997906281,4.472200843111043,3.2266585794298237,4.606136060312391,4.952498696674266,4,4,1.0
14.36,2.5981375447299824,3.6819234762045143,4.217448693804888,3.4922870319496133,4.104645762365346,2.2915407153011955,3.8620945263298645,1.8771005204361897,4.424835368616049,4.340641465082081,3.0739936526239413,4.58252262990318,4.9567314226996935,5,5,1.0
14.37,2.5702914206465763,3.489423256819828,4.05287238724149,3.1593115926040336,4.153257838275529,2.134013431991216,4.166886158918081,1.5433753312895697,4.701099563385656,4.30566219387892,2.8505261225557255,4.233103558112711,4.893016642190392,3,3,1.0
14.38,2.6572481704913167,3.6111491827663906,4.321983422465556,3.666269277410195,4.196564606903222,2.403082031573689,3.6798658424416537,2.305411866986201,4.409630119498299,4.393067830278403,3.2013602570481474,4.471126917144704,4.941964290256439,5,5,1.0
14.39,2.694097799593545,3.588267110939279,4.359820466809333,3.682379842689724,4.091673931124096,2.3470271565744505,3.7242600775392547,2.0944725499011225,4.456823822875168,4.425291721300746,3.119065100360561,4.446337432171173,4.941702827106078,4,4,1.0
14.40,2.6905920768524902,3.5876792059139153,4.347438567751743,3.664449548936911,4.0893681411114144,2.3310404282542514,3.7377942036365366,2.1194319694139527,4.476544395732104,4.424957409144389,3.0936747347068234,4.452243169763461,4.94470382315298,4,4,1.0
14.41,2.6231408690369564,3.662035919755305,4.276241863938564,3.567721137116312,4.2335767256796215,2.3907594783859687,3.788606543404254,2.049605733245106,4.558021847303414,4.430408246023556,3.0674463834380212,4.522406933516151,4.940353204318824,5,5,1.0
14.42,2.69011511157172,3.5885755107922943,4.363025166460952,3.6829265048717925,4.091871019686964,2.345288687372478,3.724500827476763,2.0813794804817474,4.461159726318721,4.428757618939664,3.12732188522201,4.448808016749225,4.941900403513829,3,3,1.0
14.43,2.6905920768524902,3.5876792059139153,4.347438567751743,3.664449548936911,4.0893681411114144,2.3310404282542514,3.7377942036365366,2.1194319694139527,4.476544395732104,4.424957409144389,3.0936747347068234,4.452243169763461,4.94470382315298,4,4,1.0
14.44,2.6905920768524902,3.5876792059139153,4.347438567751743,3.664449548936911,4.0893681411114144,2.3310404282542514,3.7377942036365366,2.1194319694139527,4.476544395732104,4.424957409144389,3.0936747347068234,4.452243169763461,4.94470382315298,4,4,1.0
14.45,2.6766683056809812,3.582962634980159,4.344258363881289,3.6362491804701054,4.105215151337258,2.3362270340925213,3.7387429215773116,2.0435703818596718,4.466786289206374,4.4267540207037905,3.1119516529679467,4.42095401484283,4.9381834692547075,4,4,1.0
14.47,2.666827888415116,3.690720029793704,4.379376095793902,3.685978705414859,4.255188548301236,2.3238176763882246,3.9078996721535417,2.036937297780888,4.525369421868982,4.3844093241093995,3.061856162244968,4.513303403029961,4.916736832169865,5,5,1.0
14.48,2.69011511157172,3.5885755107922943,4.363025166460952,3.6829265048717925,4.091871019686964,2.345288687372478,3.724500827476763,2.0813794804817474,4.461159726318721,4.428757618939664,3.12732188522201,4.448808016749225,4.941900403513829,3,3,1.0
14.99,2.6901088108534714,3.5859166937619866,4.34534414160304,3.6663455953363555,4.078632027944162,2.343904492094582,3.7286333313332283,2.1021035587034573,4.448507025255309,4.411857539000531,3.1624993540474895,4.460915125916833,4.942891098507956,4,4,1.0
15.00,2.4727080172777076,3.700999192032156,4.138877675240312,3.7352942392124566,4.337710637905604,2.787567754424779,3.3413770122208173,2.5188353918989526,4.5247815923935955,4.271762487872285,3.21264893043903,4.2392095738516655,4.794281381689845,6,6,1.0
15.01,2.308633995510186,4.0280746749121095,3.8156868340512635,3.5743454358655105,4.396099368884747,2.5068700495573726,3.823947647083739,2.839746036937037,4.522761870473125,4.315556995903218,3.3642998432801052,4.339374200516753,4.819495954932441,3,3,1.0
15.02,2.096505522880505,3.4813384019509397,3.928698895423899,4.041514847224215,4.033494477119495,2.43,3.693689571080189,3.5721933725433943,4.493903313728303,4.40868024673648,3.9893401233682395,4.261514847224214,4.76934012336824,2,2,1.0
15.03,2.492868928556357,3.9084427467287326,4.07694713724396,3.629699809906268,4.475220544794698,2.8404580221125038,3.2887514031311977,2.697544644302929,4.434059427353674,4.204671693306286,2.9722581444908642,4.2601980946955305,4.721111374857577,9,7,0.909813407049067
15.04,2.4074884227191764,3.8280992586277764,4.186576936919459,3.6499183216049405,4.486180140510587,2.9585839600237485,3.1240186819711067,2.565545040017673,4.516658074411241,4.198582035079322,3.2197059667524246,4.2945352958638425,4.726570997427271,7,5,0.9099585809472357
15.05,2.258472968471665,3.8868069776535505,4.117112636897222,4.035933342920952,4.118347115816305,3.6645895668293527,2.291868238497299,3.995693988125049,3.6961617836608784,4.128647990793191,3.701164752567017,4.616205962432475,4.122438413300699,6,6,1.0
15.06,2.4077172161385523,4.216955406376204,3.6181681587612067,3.4289478204898964,4.3648022969089775,3.3014146231360675,2.785614175598012,1.7655086578180756,3.4005798336051574,3.9807741891350052,2.3190186088812164,2.915459316266698,2.899276658123641,5,5,1.0
15.07,2.520585405291308,3.6900353258380427,4.111106292141097,3.759608986383423,4.423927420735909,3.5266031040539088,2.6084240375003485,2.1986540301759483,3.5508471430676534,4.428203041925039,3.0149729489598305,3.957026974284223,4.380436534961428,5,5,1.0
15.08,2.5211938162282745,4.378193236578034,4.274859459985621,4.41833979894318,4.490164249060388,4.266574641811516,1.9475675541231394,2.907782617341765,2.857629549429579,3.7257356621690274,3.538107201245886,3.9616332464237125,3.359557221108188,7,7,1.0
15.09,2.6064092433842716,4.054533358181141,4.054478603437665,4.060760446913815,4.400948192322026,3.5090693253820353,2.5175229221021245,3.774349175255051,3.386527394707417,4.218833776837799,3.0758199776369732,4.236385799478195,4.011557212076035,4,4,1.0
15.10,2.579772536072001,3.9979226654391335,4.071331132240195,3.8381904474674196,4.009236178352038,2.8608600136510103,3.430561596215813,3.0055297703138146,3.9899484118795536,4.424912617660597,3.5170818584421975,4.798479499674597,4.92399831743361,3,3,1.0
15.11,2.4011299559680164,3.8567222417608455,4.047784019527202,3.6255073425903204,4.556888991812885,3.001013461767096,3.1114189860530295,3.183039358150893,4.15131030060012,4.017840802639156,3.250298644137516,4.380800514886697,4.776602462804284,6,5,0.9334192797138817
15.12,2.1378025956638367,3.582932944565181,4.208996952075523,2.554073115104674,4.284511627687709,1.6245458295422937,4.793066428440103,1.1530316098963644,3.434514291236688,4.496395653070525,2.0494894235891437,3.551123572172749,4.592274246545636,5,5,1.0
15.13,2.3400165220983062,4.208046261875258,3.868934324659232,3.2647583643122675,4.62403552251136,2.077538207352334,4.46575795125981,2.0408756712102436,4.7382445270549365,4.306340355225114,2.9740107393638993,4.337496902106568,4.925274679884345,4,3,0.9136834160017252
15.14,2.5319119318181817,4.000330255681819,3.906813986522198,3.6314831527484137,4.407017045454545,3.187557528409091,2.7661661931818182,3.0259508786997884,4.297547585227273,4.012752147198731,3.185435369318182,4.27778487215909,4.665105113636364,2,2,1.0
15.15,2.6522486182249767,3.7920804712138145,4.291876123759101,3.792042728453909,4.201954863604204,2.585484927623709,3.5120085295802888,2.2770002127172533,4.451311639607378,4.424046811365391,3.2951084754934867,4.564395584828949,4.9368249284455255,10,9,0.8952292055590126
15.16,2.552020202020202,3.586834170854272,4.135909090909091,3.3939195979899504,4.257185929648242,2.3315151515151515,3.773080808080808,2.0900502512562813,4.481116751269036,4.3229292929292935,3.154090909090909,4.432914572864322,4.908241206030151,1,1,1.0
15.17,2.4843048314044585,3.940562739463602,3.941503872626364,3.963318305974625,4.353455193699447,3.262468869731801,2.8800462962962965,3.392135173799836,3.95812340357599,4.408579987030602,3.1166887505321417,4.352865217091021,4.447047679863772,6,6,1.0
16.01,2.4460534885777925,3.330187837218465,4.246758923474023,3.5782690993301856,3.2537772488601915,3.1839999839180457,3.1098269581788798,2.0341125575934966,4.541923562474369,4.2286229827199415,3.3075466979728696,3.570694418757991,4.932046026551306,5,5,1.0
16.02,2.0756420233463038,3.806964980544747,4.122490272373541,4.278560311284046,4.437003891050584,2.72,3.6639688715953302,1.6586770428015565,4.288949416342413,4.408910505836576,2.610272373540856,3.480933852140078,4.633618677042802,2,2,1.0
16.03,2.47242766352533,3.3142391484390665,4.241715152519026,3.616038166807605,3.2242718404282216,3.243614426320974,3.043140871960735,2.090025892055411,4.542388694674256,4.250974831527283,3.292586503003304,3.554862737234868,4.938793622010864,3,3,1.0
16.04,2.47242766352533,3.3142391484390665,4.241715152519026,3.616038166807605,3.2242718404282216,3.243614426320974,3.043140871960735,2.090025892055411,4.542388694674256,4.250974831527283,3.292586503003304,3.554862737234868,4.938793622010864,3,3,1.0
16.05,2.47242766352533,3.3142391484390665,4.241715152519026,3.616038166807605,3.2242718404282216,3.243614426320974,3.043140871960735,2.090025892055411,4.542388694674256,4.250974831527283,3.292586503003304,3.554862737234868,4.938793622010864,3,3,1.0
16.06,2.0756420233463038,3.806964980544747,4.122490272373541,4.278560311284046,4.437003891050584,2.72,3.6639688715953302,1.6586770428015565,4.288949416342413,4.408910505836576,2.610272373540856,3.480933852140078,4.633618677042802,2,2,1.0
16.07,2.0756420233463038,3.806964980544747,4.122490272373541,4.278560311284046,4.437003891050584,2.72,3.6639688715953302,1.6586770428015565,4.288949416342413,4.408910505836576,2.610272373540856,3.480933852140078,4.633618677042802,2,2,1.0
16.08,2.0756420233463038,3.806964980544747,4.122490272373541,4.278560311284046,4.437003891050584,2.72,3.6639688715953302,1.6586770428015565,4.288949416342413,4.408910505836576,2.610272373540856,3.480933852140078,4.633618677042802,2,2,1.0
16.09,2.47242766352533,3.3142391484390665,4.241715152519026,3.616038166807605,3.2242718404282216,3.243614426320974,3.043140871960735,2.090025892055411,4.542388694674256,4.250974831527283,3.292586503003304,3.554862737234868,4.938793622010864,3,3,1.0
16.10,2.47242766352533,3.3142391484390665,4.241715152519026,3.616038166807605,3.2242718404282216,3.243614426320974,3.043140871960735,2.090025892055411,4.542388694674256,4.250974831527283,3.292586503003304,3.554862737234868,4.938793622010864,3,3,1.0
16.11,2.47242766352533,3.3142391484390665,4.241715152519026,3.616038166807605,3.2242718404282216,3.243614426320974,3.043140871960735,2.090025892055411,4.542388694674256,4.250974831527283,3.292586503003304,3.554862737234868,4.938793622010864,3,3,1.0
16.12,2.47242766352533,3.3142391484390665,4.241715152519026,3.616038166807605,3.2242718404282216,3.243614426320974,3.043140871960735,2.090025892055411,4.542388694674256,4.250974831527283,3.292586503003304,3.554862737234868,4.938793622010864,3,3,1.0
16.13,2.0756420233463038,3.806964980544747,4.122490272373541,4.278560311284046,4.437003891050584,2.72,3.6639688715953302,1.6586770428015565,4.288949416342413,4.408910505836576,2.610272373540856,3.480933852140078,4.633618677042802,2,2,1.0
16.14,2.47242766352533,3.3142391484390665,4.241715152519026,3.616038166807605,3.2242718404282216,3.243614426320974,3.043140871960735,2.090025892055411,4.542388694674256,4.250974831527283,3.292586503003304,3.554862737234868,4.938793622010864,3,3,1.0
16.15,2.0756420233463038,3.806964980544747,4.122490272373541,4.278560311284046,4.437003891050584,2.72,3.6639688715953302,1.6586770428015565,4.288949416342413,4.408910505836576,2.610272373540856,3.480933852140078,4.633618677042802,2,2,1.0
16.16,2.47242766352533,3.3142391484390665,4.241715152519026,3.616038166807605,3.2242718404282216,3.243614426320974,3.043140871960735,2.090025892055411,4.542388694674256,4.250974831527283,3.292586503003304,3.554862737234868,4.938793622010864,4,3,0.883312798398275
16.18,2.0756420233463038,3.806964980544747,4.122490272373541,4.278560311284046,4.437003891050584,2.72,3.6639688715953302,1.6586770428015565,4.288949416342413,4.408910505836576,2.610272373540856,3.480933852140078,4.633618677042802,2,2,1.0
16.99,2.47242766352533,3.3142391484390665,4.241715152519026,3.616038166807605,3.2242718404282216,3.243614426320974,3.043140871960735,2.090025892055411,4.542388694674256,4.250974831527283,3.292586503003304,3.554862737234868,4.938793622010864,3,3,1.0
19.01,2.5000290207567506,3.2812985637028644,4.25511631335047,3.5704915102770323,3.144345190385377,3.2702573173765233,3.0062817500898262,2.1300348249081016,4.551359921874279,4.240608422468515,3.3535580369070317,3.573841334770552,4.960184258773022,3,3,1.0
19.02,2.4801443255932507,4.096246473004346,4.286151437585571,3.928968714999396,3.905858979701173,2.658152609816519,3.700522412048336,1.695817443345987,4.417521267291552,4.435268166145421,3.990634799690458,4.7094160778800935,4.6740968807667125,9,9,1.0
19.04,2.500111162084907,3.676323887496912,4.0309697568549945,4.09686417051911,4.569321381938808,1.6009210572749408,4.379468539365494,1.16574549175989,4.6032656950277016,3.297363870557928,3.8787341638140953,4.605710555104634,4.85570949641811,3,3,1.0
19.05,1.883790910462018,3.7687562716806595,3.8132635865466797,3.555407571263386,4.0642486551706805,4.00465537177618,1.8818580765170176,1.2814715197828161,4.669286109295661,4.486515961992861,3.93375335578905,4.3283744407018245,3.0425232014478913,6,6,1.0
19.06,2.432858157546207,4.169413071056149,4.302577208311234,4.2074910302451105,4.027648395208064,2.867005965605403,3.638369040866019,2.4231042046472075,4.452489626283476,4.5629750495491725,4.254373323159857,4.858577245151473,4.936318628317624,5,5,1.0
19.07,1.8690900151193068,3.479465967647008,3.912579503215426,3.529816844485153,3.5643056236159554,3.2027746712736938,2.7213543621060463,2.718003347801375,4.2036330944453075,4.355350035333357,3.5506433512648643,3.644772307398387,3.380062512873367,10,7,0.9295766561192201
19.09,2.589384797418956,3.9899311378785765,4.358760922767125,3.591052630977258,4.000285296430488,1.9300440217830663,4.578649949657894,1.3283071823854073,4.266913551212989,4.098828682506669,3.3131982303096223,4.563124591200053,4.961441768514504,9,8,1.0
19.10,,,,,,,,,,,,,,2,1,0.13039167079821518
22.00,2.11,4.36,4.12,3.92,4.79,1.7,4.77,1.29,4.88,4.25,3.22,4.54,5.0,2,1,0.885721177038109
22.01,2.509851818967172,4.17625551929353,4.664176185448262,4.212012862353618,4.414914810904205,1.9479372240353234,4.5431617153004415,1.2130796458053368,3.9409403196390858,3.5943940775580723,3.857400652716452,4.8210893405644075,4.946447254751392,6,6,1.0
22.02,2.528756083317111,4.158399844267082,4.672367140354292,4.194909480241386,4.391715008759977,1.9680494452014794,4.524553241191357,1.2179287521899942,3.8765699824800466,3.5678684056842513,3.83514502627993,4.868991629355654,4.9555616118357015,2,2,1.0
22.03,1.965282897219776,4.2515920241539815,4.032004340168575,3.86478755189332,4.731027173229337,1.9744353063278401,4.495720845389357,1.2836084727638697,4.5471933576550505,4.164768209837716,3.369546169329476,4.374362026670021,4.949344728896716,6,5,0.9306600321966926
23.01,2.472544557676582,3.312640927116215,4.266635159018368,3.551228006928751,3.1772819597464146,3.243448372886423,3.034591880698854,2.0577111378804003,4.562388572835424,4.2093539026985205,3.334022720678103,3.538925779704385,4.948341056370847,3,3,1.0
23.13,2.176559436667951,4.19425140385491,4.270766808316892,3.6737433002372377,4.203655714068903,2.0207335652661196,4.260050842312946,1.3884172338512906,4.296853672204256,4.033311900953805,3.317256791622401,4.01215639118811,4.7903714524207,6,5,0.6349466380784891
23.14,2.1537418303751426,4.171602504066644,4.242534135160447,3.7015329235989864,4.091396460787697,2.1282621307316925,4.1656799921131755,1.4582153406311735,4.3203048940018425,3.871038027383963,3.370333218317149,3.9836370013384848,4.806457830137526,3,3,1.0
23.99,2.06,3.78,4.59,3.21,3.7,2.74,3.5,1.01,4.59,3.63,3.29,3.15,4.76,1,1,1.0
24.01,,,,,,,,,,,,,,1,0,0.0
25.01,2.4749542272006444,3.7625517214107065,4.230789215272923,3.780371105809902,3.9863932451683994,2.350523197048667,3.7958495799641985,2.1888852355717057,4.396731951352399,4.448393787437582,3.5964894146576327,4.7166306127030255,4.8150124173423885,4,4,1.0
25.03,1.69,3.48,4.16,3.79,3.94,2.65,3.5900000000000007,1.5,4.89,4.08,3.7000000000000006,4.42,4.71,1,1,1.0
26.01,2.4785581388118776,3.3722996089445987,4.2642617639819935,3.4977385276470736,3.539757548042151,3.1094124673712,3.1295508841707673,1.9748608103843333,4.580771710335645,4.303022053755967,3.1607292904504165,3.6610510738567594,4.942851985303684,10,9,0.9953499304395332
26.02,2.4561849091413395,3.5702990054178914,4.307152296111195,3.3150631973485574,4.438181429417502,2.716913625207191,3.4487759240872355,1.4723538002339722,4.669092942933823,4.436012111358851,2.6333394997212936,3.8555361403894013,4.918690429629132,8,8,1.0
26.03,2.6079316548451223,3.493606856698913,4.430887914065197,3.4038199626569337,4.259307815232957,2.550073489808888,3.65751614685635,1.9214561314084488,4.620188113623801,4.372331011272561,3.2070922816322605,4.115197695927022,4.931694367804006,4,4,1.0
26.04,2.426473875307991,3.623178743008885,4.476295400304731,3.4683536007913904,4.254527487751261,2.664277459970156,3.6108356193482014,1.428001208391233,4.656566970021209,4.438576174778959,2.9795809734106093,4.020813994813103,4.911187189157267,10,9,1.0
26.05,2.4290097034304057,3.774948130186538,4.2197141319335385,3.59202775887131,4.290861337577978,2.4954992109505647,3.877599662642824,1.2484849967843152,4.779191367220021,4.631504882255524,3.477390176692708,4.430070849897043,4.949646883533813,10,10,1.0
26.07,2.4290453874567066,3.451171329866197,4.2723118591191875,3.2591305597023434,4.3046041567216085,2.6000747190221607,3.5828495657786816,1.7808605472093852,4.556031950942635,4.280666041987151,2.9134162196407174,3.857802192847019,4.920056796680384,5,5,1.0
26.08,2.4315301141007972,3.5434222439346654,4.324069986523894,3.2512890069471516,4.403989729151303,2.672440998280822,3.48181856639199,1.4915646718992703,4.651909492524581,4.459466765061326,2.721992473726789,3.85731055081356,4.9276122828025635,6,6,1.0
26.09,2.4768588768926056,3.63672180922228,4.560508657138033,3.5722589559130826,4.215575114967206,2.661392937144599,3.639501222948743,1.4157675513019063,4.690111205052814,4.507162767599826,3.1129855784717373,4.131656246221616,4.911596210268143,7,7,1.0
26.10,2.441379292429896,3.6602125273450365,4.392067172457325,3.5357532028275473,4.110239710121052,2.6438028866283663,3.5802415629592645,1.9915790169097638,4.468720868267261,4.412493085218378,3.2430417313618203,4.303084907503725,4.891205797404353,10,10,1.0
26.11,2.381319938421017,3.7381196032484962,4.254860534561768,3.3817168131894126,4.20737218476116,2.3115995073212514,4.069391611286853,1.3166460067950185,4.517928812461395,4.3485217111243,2.955454411476008,4.214371822091845,4.930244224030428,13,13,1.0
26.12,2.617863214824681,3.506307945513401,4.434838432577484,3.44603766541195,4.287201514586964,2.5229080777096855,3.7163234612547758,1.7678582816276895,4.6497027873653485,4.397354136124661,3.193669150523882,4.105509072966673,4.945023304368316,3,3,1.0
26.13,2.3992842756226334,3.5913425919934787,4.464886079853255,3.4346277716831106,4.1930888222031335,2.6302019201636875,3.6436883523234487,1.5569989158059871,4.611950223592967,4.445867502321241,3.0820852382891983,4.068302839414658,4.910772025720704,13,12,0.9905617803679874
26.14,2.5084618571209973,3.6508184274531277,4.42048193777785,3.457338132935399,4.424560283245281,2.7006094916148986,3.4622817020085686,1.480019022094935,4.759463583157886,4.621615171917617,2.9743581679659816,4.091152819835492,4.943227743863154,3,3,1.0
26.15,2.4311489317663595,3.5405393618684586,4.32630400169843,3.2450863371460774,4.4037851762505165,2.679459433269094,3.4753841318339056,1.495430490142608,4.654677018780992,4.463787943465531,2.7106048898918305,3.848324083779494,4.927043003166062,5,5,1.0
26.99,2.617863214824681,3.506307945513401,4.434838432577484,3.44603766541195,4.287201514586964,2.5229080777096855,3.7163234612547758,1.7678582816276895,4.6497027873653485,4.397354136124661,3.193669150523882,4.105509072966673,4.945023304368316,4,3,0.9669002939181551
27.01,2.4561836932124157,3.385271803060689,4.203375014368009,3.4745478829335847,3.477784263733134,2.9372831719617656,3.394561131762065,1.8704159945655328,4.512855668942242,4.244888829828622,3.1791743217645765,3.7370332825002133,4.955949733521915,7,7,1.0
27.03,2.4645522019557915,3.6460742611954426,4.101217702026936,3.3282703772531788,4.350723600912467,2.0700040351977074,4.423190168682257,1.321917522983101,4.376707880737312,4.24000797886629,2.788027604860652,4.218758968093715,4.925723720754867,12,10,0.6213111469434877
27.05,2.3573744699043657,3.6506685917812525,4.070348845752752,3.226418149189815,4.351295285969156,2.0318112224399725,4.434896622382303,1.224264332549971,4.43809037376378,4.255863667017008,2.7672755459439418,4.226432523967098,4.950730224998179,7,7,1.0
27.06,2.2456425578904815,3.884030095761841,4.11600213173983,3.576556630175172,4.184104391262235,1.9772405347252122,4.272781020772453,1.5744277710682724,4.320846649797046,4.319957290019841,3.336163348513553,4.6703481440320465,4.984189311724288,7,7,1.0
27.99,2.3399803455438293,3.678384593465857,4.0733809225435005,3.24657434519285,4.334810592844995,2.073224406471755,4.389294218913497,1.2433268501800203,4.403152677438459,4.246659181867965,2.7878762059571955,4.192872173231588,4.953263381677637,5,5,1.0
28.05,,,,,,,,,,,,,,4,0,0.0
28.06,,,,,,,,,,,,,,4,0,0.0
29.02,2.49499261910877,3.594679485039729,4.438246487283377,4.309645799684758,4.401553647947903,2.6871110243159317,3.638090817100936,3.9066677144151427,4.308842587212939,4.388793812791369,4.5860380264814875,4.902976303989459,4.919650812532535,7,3,1.0
29.03,2.52,4.045000000000001,3.928837209302325,3.606511627906976,4.39,3.205,2.75,2.99953488372093,4.275,3.957209302325581,3.225,4.225499999999999,4.66,2,1,1.0
29.04,2.573025724785627,4.097409146590445,3.945011632654998,3.6907964332855356,4.460289914250714,3.1723213556553698,2.7956267864434463,2.841748221865593,4.353305430788076,4.021677571291558,3.2823417721518986,4.260583299305838,4.661233156390364,9,2,1.0
30.01,2.4938348315486487,3.2885425863508915,4.242021546710016,3.5574660205945117,3.2403350944043434,3.2007336722774617,3.083182763004832,2.0930325332481488,4.562675949142985,4.265029598918253,3.354076463043608,3.643455875042256,4.9582270103800035,3,2,0.8856325569459749
30.05,,,,,,,,,,,,,,3,2,0.22830515379914443
30.06,2.5797744360902257,3.8215151515151518,4.220751879699248,3.8550375939849624,4.0551908396946565,2.2299236641221376,3.877045454545455,2.3710769230769237,4.411679389312977,4.483282442748092,3.5166917293233086,4.751297709923664,4.808947368421052,2,1,0.806353912410065
30.08,2.2614923047610103,3.558574056142495,4.247944082108881,2.9858718423144968,4.200256340790966,1.6550285503608217,4.721582391352748,1.120436497477945,3.655265198414738,4.5214802295855465,2.4344433309250046,3.906928467376748,4.724672111743556,9,9,1.0
30.10,2.4947592022814913,3.5705705816195374,4.416486897493574,3.403461447881251,4.244808748393316,2.5969943403267273,3.6188961078084834,1.4744090098681484,4.737597649058794,4.529659335904027,3.0833801092544983,4.056425085689803,4.938651044344473,5,5,1.0
30.11,2.370273181463996,3.6871506164917274,4.593460604116056,3.563987028464042,4.054067470321309,2.6501152770775085,3.7122317458862355,1.3115911903561441,4.647164596415639,4.578907503323097,3.2415804189393596,4.232533116377137,4.915331163771371,4,4,1.0
30.12,2.56765053290578,3.821636123357324,4.232922872136432,3.9040593088199893,4.050630851649786,2.3333037844077786,3.7932457035095877,2.4172382619837047,4.443871435815282,4.460129657328669,3.594102487021352,4.725828542048212,4.84058528235021,6,5,0.8396881149362053
30.13,2.5434782608695654,3.702182608695652,4.785765217391305,3.8254260869565218,4.241330434782609,2.546826086956522,3.5291130434782603,1.1451565217391304,4.6540608695652175,3.2170347826086956,2.852973913043478,3.7017739130434784,4.832695652173913,2,2,1.0
30.14,,,,,,,,,,,,,,4,3,0.17615397161963792
30.15,,,,,,,,,,,,,,2,1,0.3996434231378764
30.16,2.393313060369511,3.8448491399871454,4.22747850177034,3.45233298669752,4.367085224186468,1.7010725471780355,4.652564394727393,1.1655995747719978,4.038123448779571,4.412336210867462,2.913903561897012,4.293194686000034,4.826882924770349,7,7,1.0
30.17,2.4322083668442747,3.6552312883281393,4.338832455765557,3.791634236453202,4.04131321001307,2.28821040263396,4.182133495023626,1.5420979064039408,4.581122536945813,4.450796086052955,3.8027274366643202,4.5179355564963055,4.93430293681512,7,5,0.73399471198391
30.18,,,,,,,,,,,,,,4,2,0.43730074388947926
30.19,2.3974653460742528,3.706176154592033,4.602229291669112,3.627233433982942,4.056426033579882,2.627204480347915,3.694211215219747,1.4953134083424202,4.62454250217126,4.361844775699048,3.530535694288265,4.278105025352537,4.821291624934412,9,8,0.9871642000420846
30.20,,,,,,,,,,,,,,2,1,0.25329927628778204
30.21,2.3625562781390697,3.330952142738036,4.208889444722361,3.3165716191429047,3.75349508087377,2.240545272636318,4.158464232116057,1.641322327830582,4.528262464565617,4.0079506419876605,3.436791729197932,4.3418142404535605,4.935834583958646,4,3,0.7737066185008385
30.22,2.651608040201005,3.7480883584589617,4.670573701842546,3.3955569514237856,3.9674120603015077,2.5743592964824122,3.6969744556113904,1.5297466499162478,4.37730108877722,3.579298576214405,3.0225690954773876,3.5816938860971526,4.83930067001675,5,5,1.0
30.23,2.358632231404959,3.319626033057851,4.0389256198347105,3.160586776859504,3.473615702479339,2.194055785123967,4.398859504132231,1.789413223140496,4.4594462809917355,4.42679132231405,3.6488595041322314,4.407018595041323,4.976384297520661,2,2,1.0
30.25,1.4533771142799117,2.897535931878844,4.638360225426482,3.4199856173280874,3.6731679311245213,2.4867204326032186,3.4317755273006845,1.7252596143407444,4.488144796295394,3.9964590499400408,3.3027449518393874,3.120404684538316,4.185053165254729,6,3,0.6111867676681704
30.26,,,,,,,,,,,,,,3,2,0.2420847296553794
30.27,2.566329397867507,3.4543200370422626,4.351788550384531,3.3453642136788244,4.160243751165182,2.4571504394354773,3.837991832657738,1.814200318153702,4.592823606529659,4.382168791005278,3.278899735220465,4.18535174053565,4.945236347097296,6,5,0.9365435403928946
30.28,2.351221826809015,3.6666514150144045,4.541062531774275,3.691496356549738,3.577446195560075,2.4667683443484156,3.9236095577020844,1.283067276732757,4.324365361803085,3.6074682257244532,2.8316048127436027,4.140294865277072,4.9373072360616845,4,4,1.0
30.29,,,,,,,,,,,,,,2,1,0.020301286610202366
30.30,2.368687338084448,3.8511765838536913,3.9855699345780264,3.237110840535438,4.220639925143143,1.9629793518209289,4.505514694327989,1.297064630676366,4.385599191732468,4.301417114939561,2.8681967456047874,4.356047535700279,4.95771985014448,7,6,0.8591715536389744
30.31,2.569100774693858,3.645679276280026,4.2443269507883095,3.653552838268089,3.9828312943933812,1.7574076783693888,4.530867795543741,1.2272025794052268,4.148205347402003,4.573212516659222,2.985821894623102,4.400939800837951,4.979353536596594,5,5,1.0
30.32,2.4402354468913354,3.384392694430256,4.192455526361261,3.137568723969294,4.138219017003864,2.2990718587625585,3.979208419846284,2.13200529269787,4.271422653632325,4.368548632780099,3.191393289062305,4.328299212481997,4.914478270235668,7,6,0.6699052390807102
30.33,2.327362679364017,3.485233451591859,4.010998000331089,3.1542184010980283,3.8409896913371755,2.3276356597333594,3.9376026212542454,2.3884777821527217,4.264151465853853,4.360289116796889,3.705800077400194,4.592665528924116,4.923336360657307,8,7,0.6904076003677597
30.34,1.930457655450488,3.2997765170299567,3.8430710347023425,3.8841807434704743,3.6999506415819488,3.6566992727883525,2.3787780040518,3.364005826564276,4.599051879908641,4.502196383622989,3.6164528154092372,4.17694307944308,3.8919589663683705,7,6,0.7453961959809127
30.35,2.447464939086605,3.4497996592114935,4.210932194310669,3.39383236654809,4.231533777854869,2.376567613966997,3.9328780176108076,1.8636528025361987,4.590642278049718,4.417823701466547,3.4723439923271573,4.423707112344571,4.939916384376786,4,4,1.0
30.36,2.4791709223827345,3.3135509286788625,4.271715170170345,3.5523401483087893,3.1732791458253176,3.245664066599041,3.035150145160726,2.0536629472874184,4.560863618874391,4.207713631116864,3.3355954213158903,3.536336353142817,4.948978453251251,3,3,1.0
30.37,2.476313454903894,3.8820436996878596,3.9073632331197636,3.4137686873665185,3.8114276326597665,2.4870921636274024,4.026811237062593,1.9625776244455397,4.445101034992607,4.417719730573353,4.018833579760145,4.732695909314932,4.956162313126335,3,3,1.0
30.38,2.4982386411589133,3.295579708727871,4.247153810724578,3.5383663262460328,3.2608251157883905,3.1803345396353206,3.0984106100761633,2.114997945523845,4.550335764087172,4.255491627555922,3.342810508439687,3.656063201591876,4.956183743310005,6,6,1.0
30.39,2.3038279044329792,3.564805639908295,4.277858463888876,3.0732406676627892,4.181458188115856,1.6714181888594288,4.64465020560249,1.3135492879360062,3.6580813061938375,4.547500196502367,2.5169406458118924,3.9744082209124745,4.703676360805304,7,7,1.0
30.40,2.5197632539352366,3.7689992077613814,4.217552060255725,3.8210799629093537,4.052319521311705,2.2704391457230435,3.9112034902207355,2.2236138172382107,4.40129305114904,4.433813226275797,3.4182962078983725,4.568511344037277,4.806072837288871,7,7,1.0
30.41,2.434775165578565,3.474568827141728,4.1956761654730155,3.578995095567709,3.5535902690462495,2.9070923246097324,3.4087778195648877,2.229326849694664,4.44073808659635,4.2101096150792285,3.499468654540819,3.993260609684254,4.9390643792072275,10,10,1.0
30.42,2.5699228089120485,3.7669427390315726,4.206341694330171,3.7544451058591797,4.010443478922029,2.237062097483321,3.900870772402409,2.370884662929393,4.387080181685874,4.453502260227044,3.5061210693082048,4.708523606484369,4.81978148386069,6,5,0.9756838063022473
30.43,2.60561400570037,3.589307554690902,4.408700495891379,3.550491419382926,4.208467583396822,2.570202429185333,3.6354140505958856,1.9850909057396044,4.614566203112053,4.3657726472935705,3.422364293099695,4.239024044042955,4.932038834621245,5,4,0.9616914381410927
30.44,2.3106776718767774,3.4833239457917577,4.054637103227779,3.177338614919198,3.922921170077311,2.3761580441899413,3.9164359131171254,2.403687905675339,4.241456395731376,4.341078946246052,3.61209601787706,4.553210934849067,4.9129458287208045,8,8,1.0
30.45,2.5121981890471674,3.5002742266414137,4.2438958339141015,3.7023016645991302,3.528500681955406,2.878194977924052,3.3450822303744543,2.17070688610251,4.497971487171556,4.318343240049651,3.36418969995168,3.9718247533808007,4.891999145108534,7,7,1.0
30.46,2.5321599090831595,3.729119061730138,4.2223915624324055,3.7423598359494945,4.019738177575313,2.213976966289322,3.9416221214027805,2.22264269142726,4.420276383272918,4.3996364917808215,3.465894362014459,4.628143303312718,4.817597101144985,7,7,1.0
30.47,2.5306701402606304,3.7638159811860663,4.2379858288969485,3.7326964740074424,3.9726998793114987,2.280267877785662,3.876790248424087,2.206912389012489,4.425958822461684,4.380180247395401,3.4616549621652686,4.558793146039097,4.817293594202819,6,6,1.0
30.48,2.097906652120546,3.5573051600524366,4.253061329769063,2.5508867511596236,4.256311596045025,1.5524875875914081,4.877685928074644,1.0168993955769743,3.39005564837799,4.490673871611102,2.0520525866106265,3.5427537381717684,4.572519216638569,4,4,1.0
30.49,2.4520329868192383,3.3499342553512212,4.2644901309370455,3.2405674566642935,4.267395276010615,2.2156952661104796,4.18601443340752,1.5412972960427858,4.470709338393975,4.294674509141306,3.1939511119189916,4.232629668991504,4.9094296841287015,6,6,1.0
30.50,2.3949325888565287,3.4855361434711307,4.244741860119889,3.3869671618266493,4.159174365916416,2.561250344325605,3.7649340379884637,1.5997144423384588,4.601419360311435,4.212398245018758,3.3762181897868007,3.9433589228826187,4.925230765424419,6,6,1.0
30.51,2.5667087919113243,3.7488873026614478,4.249211030724566,3.7769393250392804,4.018000638690681,2.2280782537064097,3.9398725795187337,2.2259263776251346,4.4269759089167815,4.382014757602831,3.473068827468132,4.6309018500417425,4.8323773443424525,7,7,1.0
30.52,2.5297839736101517,3.80287376138942,4.26060682496587,3.7850799509969524,4.017432681339379,2.2847489132405228,3.842176453092331,2.2244257370732914,4.433319508503323,4.400300771803739,3.5083599009724002,4.588621614250944,4.806576616148386,6,5,0.8263982769287171
30.53,2.43501084644832,3.830949383241174,4.388888983411314,4.002440663547427,3.562530625265844,2.506983198638877,3.810194598043386,1.7275450871969376,4.70800765631646,4.586939600170141,3.9929002552105493,4.786258400680562,4.861247766907698,8,5,0.7046939631916552
30.70,2.2459282335014383,3.493566886248555,4.271283993303867,2.8986207057751217,4.223466956030029,1.5653334324761135,4.803339696565055,1.0822259454161356,3.544951879020698,4.565780437028635,2.3156673378646815,3.8364764860484644,4.694481888702513,8,7,0.9480937210975234
30.71,2.4689719006174213,4.017575332852612,4.248086688032485,3.6634484524377555,4.214252506007056,1.842029025919314,4.5315280738290555,1.356397316815094,4.327595852612803,4.167678549645235,3.1067425447668975,4.600122667108857,4.982099139728272,9,7,0.8602222310589491
31.01,2.4,3.58,4.62,3.76,3.63,2.74,3.26,2.09,4.39,4.41,3.61,4.03,4.82,1,1,1.0
31.03,2.581102035454644,3.9179246929863,4.327491564470634,4.448573371354061,4.01822722088534,3.1939204655830036,2.8362508238507074,3.379161247684832,3.8083668702285056,4.490626541636558,4.030557118776993,4.290688816761587,4.188554697681717,5,5,1.0
31.05,2.1320830980972585,3.31655171887636,4.356593985077132,3.926785632543449,3.3377969696507317,3.9882066618856524,2.3139338083830507,2.8229998321558814,4.638910844255917,4.048925339884341,3.7989233562720286,3.7149604040465687,4.430260463554938,7,7,1.0
31.06,1.81,3.3,4.1,3.65,3.29,2.94,2.91,2.18,4.32,4.49,3.5400000000000005,4.54,3.47,2,1,0.7693492682684424
38.00,2.47,3.64,4.62,3.7900000000000005,4.23,2.46,3.9100000000000006,1.0,4.61,3.42,2.46,3.05,4.96,1,1,1.0
38.01,2.3929732543415336,3.470217981186686,4.2690888748191025,3.466178889874423,4.196840539073806,2.5822778488399236,3.756889643632417,1.477736062742169,4.612078642453667,4.1503883164495905,3.2839737337192476,3.873048673420165,4.928557778581766,4,4,1.0
38.02,2.5550077471335606,3.778137589092036,4.630625968391696,3.751038115897118,3.989144716454912,2.5308397892779677,3.91,1.0956337155252556,4.56749612643322,3.6927331887201738,2.7079392624728853,3.149175704989154,4.93874806321661,2,2,1.0
38.99,2.47,3.64,4.62,3.7900000000000005,4.23,2.46,3.9100000000000006,1.0,4.61,3.42,2.46,3.05,4.96,1,1,1.0
39.02,1.9880378250591018,3.1174515366430264,4.670732860520094,3.5921418439716315,3.2610023640661945,2.4650732860520095,3.788241134751773,1.213078014184397,4.726685579196217,3.7243971631205675,2.8658628841607565,3.6638676122931435,4.701262411347518,2,2,1.0
39.03,1.9880378250591018,3.1174515366430264,4.670732860520094,3.5921418439716315,3.2610023640661945,2.4650732860520095,3.788241134751773,1.213078014184397,4.726685579196217,3.7243971631205675,2.8658628841607565,3.6638676122931435,4.701262411347518,3,2,0.7765742610611346
39.04,1.9880378250591018,3.1174515366430264,4.670732860520094,3.5921418439716315,3.2610023640661945,2.4650732860520095,3.788241134751773,1.213078014184397,4.726685579196217,3.7243971631205675,2.8658628841607565,3.6638676122931435,4.701262411347518,2,2,1.0
39.05,2.0245927146256637,3.2985868570382575,4.677338458722314,3.6029434376716094,3.5338733296723417,2.5609793153944724,3.7096430532674356,1.2778363536518396,4.646181585209591,3.831740801757276,3.1037818048691195,3.7871297821709677,4.67389346512905,4,3,0.817814371257485
39.06,2.477359351241764,3.8092650785605677,4.5390471363405975,3.848874809934111,3.714845413076533,2.349609731373543,4.020390268626457,1.7285757729346174,4.448094272681196,4.016107450582869,3.416715661429295,4.249574252407501,4.864328433857071,3,2,0.8663958722142936
39.07,,,,,,,,,,,,,,6,3,0.39168097393475887
39.08,2.5858590706488482,3.8204749478401405,4.2075611839744775,3.8646802740612016,4.119896939485029,2.2192585598928285,3.987463115325459,2.171564826815624,4.369981510804577,4.38210451086254,3.417731747757648,4.658412839465996,4.81854258976244,5,4,0.9850535468657889
40.01,2.4938348315486487,3.2885425863508915,4.242021546710016,3.5574660205945117,3.2403350944043434,3.2007336722774617,3.083182763004832,2.0930325332481488,4.562675949142985,4.265029598918253,3.354076463043608,3.643455875042256,4.9582270103800035,2,2,1.0
40.02,2.4438419086771033,3.3787802757995165,4.311168389713786,3.265507949649331,4.1259372690472995,2.3254951517542115,3.9648897200853264,1.6831100835710138,4.4629702061533925,4.309380419690048,3.293606977291051,4.213477279853087,4.93034907450954,5,5,1.0
40.04,2.4515846691641134,3.5908496835990933,4.153809638974012,3.34087884083419,4.421284318244776,2.474864341767154,3.7605769798862516,1.8610204721621377,4.65713959114876,4.246027017434512,3.066619206530584,4.115601161723714,4.83917652443775,4,4,1.0
40.05,2.424675081418653,3.5669498164879543,4.158630078620662,3.462323720752151,3.7166795928530996,2.7441094693497825,3.5810557263616323,1.8124003454051296,4.491340803089819,4.256834230164499,3.1756077137679375,3.977871881513974,4.947443004460545,14,14,1.0
40.06,2.5043556930366773,3.462466347843918,4.278936624824232,3.302282653068939,4.222086378749706,2.447833362942915,3.829459139544762,1.9823312915321634,4.481642169462567,4.31903785837044,3.2352493701663936,4.301504325833919,4.918652192699789,7,6,0.9830664669968897
40.08,2.4916363189892743,3.2888449080970585,4.250990369535892,3.5373411483736414,3.2533486461798837,3.1678583001366305,3.114449398296423,2.0672023642672674,4.54670315100375,4.252466178117639,3.3371038470132577,3.640288625993788,4.956222219118791,4,4,1.0
40.10,2.5720528179009543,3.6174100884109373,4.3636581902149025,3.6197989715100567,4.2731908357343755,2.4794433689421407,3.6320523974957437,1.8060631027739955,4.581629376571818,4.319882310150575,3.044381124552199,4.225244690310032,4.911027252614643,8,7,0.7791172269030058
40.11,2.4438419086771033,3.3787802757995165,4.311168389713786,3.265507949649331,4.1259372690472995,2.3254951517542115,3.9648897200853264,1.6831100835710138,4.4629702061533925,4.309380419690048,3.293606977291051,4.213477279853087,4.93034907450954,5,5,1.0
40.99,,,,,,,,,,,,,,3,2,0.4489417412175431
41.00,2.4413348128056556,3.7938667652981555,4.073657584350471,3.2466428307237085,4.707086261455635,2.6541466321456455,3.465868573542103,1.9393067028315458,4.723775120207127,3.948649981506596,2.414075124316771,3.665047877368184,4.666602145234867,3,2,0.9650208209399167
41.01,1.9299999999999997,3.33,3.85,2.63,4.39,2.81,3.2,1.46,4.35,3.9399999999999995,1.91,3.0,4.85,1,1,1.0
41.02,2.6795388556789073,3.8912382578992317,3.3573783091374887,4.075849701110162,4.746310845431256,2.7362254483347566,3.2721605465414174,2.7482578992314264,4.759812126387703,4.746771989752348,2.4522630230572156,4.903501280956448,4.798155422715627,2,2,1.0
41.03,2.4087941960442665,4.0556969206675175,3.965873445554207,3.524641090264165,4.482760405322714,3.335811734445171,2.9063048010205668,3.1436761152078994,3.864043062945331,4.231748654282958,2.293739796923779,3.8234488731240335,4.578859329786241,7,6,0.9909351586347239
41.99,2.2970677731673588,3.9495089903181193,3.974395573997234,3.241202489626556,4.521712586445366,2.783546334716459,3.388765975103734,2.478898478561549,4.532946058091286,3.9065958506224066,2.8736550484094048,3.983747994467497,4.716746058091286,4,3,0.9761827608554764
42.01,2.534662487741327,3.7416625900773446,4.292645127404445,3.7931867292515715,3.9974342756889367,2.1645504072051027,4.015223084378785,2.12631002927975,4.439566211043363,4.286466084758451,3.4672381475306224,4.568450961330764,4.789194542035586,6,6,1.0
42.27,2.4739700198148085,3.854190462207461,4.416694262810905,3.7979898576476026,4.109315423245813,2.3590442558294757,3.8104092663494793,2.046409766079794,4.445730413800088,4.473383781989408,3.525809994409622,4.502310149548917,4.871256901245633,11,10,0.9955938651193027
42.28,2.358996142012789,3.8184747372237053,4.2468397310095165,3.8022599622447966,3.965482439546772,2.23611598633899,4.0178251497364,1.769284233372038,4.468416661212286,4.48405252086949,3.540216105303381,4.7323165583129425,4.930205259711,16,13,0.9915861835746353
42.99,2.5882807312425493,3.803219752530505,4.275341410071676,3.8309980315951093,4.043175854808626,2.225207092272801,3.901011182381825,2.2542281307730194,4.44990477862728,4.4188073589547665,3.508962772381866,4.643736634545661,4.81165387815966,3,3,1.0
43.01,2.3922261859088403,3.705306401553636,4.331932141243881,4.038023709326456,4.381499176848536,2.8740691580745854,3.5105876735846167,3.1543746273907365,4.211879709942157,4.395925626838483,4.3635433636694705,4.715911706372255,4.6184534403776185,20,19,0.995288265570486
43.02,2.439757252788646,3.709448070946451,4.182836760729045,3.948774577216791,4.144157649745574,2.7871925710517402,3.231143947833613,3.0666540214393674,4.071988860533304,4.506088764875085,3.92335084343429,4.492531842049519,4.518600626667945,6,6,1.0
43.03,2.5846745485028793,3.725877497363046,4.298262246383091,4.024324366648835,4.130597372131661,2.395151364019972,3.7228925568214084,2.806944883224209,4.2755016308769545,4.473380223411722,3.8574637980448827,4.80281815797812,4.845468298820414,9,5,0.8365952837896897
43.04,2.4971187406593582,3.954862754636067,4.169062934033776,3.9907243968583193,4.465788200663024,2.2348646361628233,4.070552525185575,2.265962562456789,4.33443441232057,4.340356134861038,3.84066453268562,4.728842891373115,4.839552048853766,19,16,0.994811268119985
44.00,2.034508721821497,4.053754659437479,4.069336141098256,3.90403608139291,4.117854480321441,2.3710090203482275,3.598736021687564,2.09757305836601,4.336717980991109,4.6415454002678675,4.376972938955317,4.829399880589307,4.856245340562521,3,2,0.8488015340364333
44.02,2.220131343283582,4.074367306325516,4.030150106609808,4.308865955934613,4.39546382373845,2.2023431414356787,4.3187533759772565,1.54672921108742,4.310131343283582,4.5056514570007105,4.185520113717129,4.877825728500356,5.0,3,2,0.7611329900030294
44.04,2.6878204567846447,4.057563601324765,4.634572289970425,4.611494730395579,4.1792090517706075,2.789652160076063,3.2731083380656685,2.8084092091804127,4.365700261706906,4.599499800726358,4.270832413521657,4.788055467763365,4.873189356404462,10,9,0.9949744171101097
44.05,2.4165479908829983,3.7899145281107547,4.198388380043897,3.714588046598008,4.1678244766165795,2.326046133716022,4.1632338975181495,1.1262284737464123,4.800362991727165,4.6647377806854635,3.8892484804997474,4.649683754009793,4.958398615566435,8,7,0.9727876492265369
44.07,2.3437800329439384,4.2123167730086895,4.364939318779939,4.067934187856183,3.8703620046575913,2.438593066626275,3.7798509949448094,2.2649468920991347,4.459136357612132,4.5954972830717375,4.148891076736656,4.862978302440502,4.9446661112899255,9,7,0.9148810864180423
45.01,2.699943273806032,3.547519200799756,4.166609555866087,3.8334967795966373,3.4363523533310767,3.4523174784364623,2.86580258845815,2.337401645218763,4.465714862364942,4.606690109636457,3.7096190708675145,3.758439481626053,4.930463115204234,11,10,0.995453013609851
45.02,2.5511333554032047,3.798180531699756,4.258797485300643,3.7392567812633124,4.156153190093128,2.3722229173986293,3.746387859035095,2.161715374716566,4.485086965650461,4.519067644499863,3.3233017202472928,4.542342336056517,4.8344593567286624,6,6,1.0
45.03,2.584084638891544,3.816633655077572,4.226311125161228,3.825140415409712,4.051001561407606,2.236513221256517,3.875533114353481,2.372007445054519,4.399089353057848,4.466678083104703,3.5100849705396806,4.727278528980822,4.808734321252682,4,3,1.0
45.04,2.573664980591163,3.825716031499896,4.228218995156582,3.8000285348490954,4.1282821758557935,2.275000686453589,3.846853314998052,2.269080718344117,4.46597404716933,4.381912261056621,3.4218389967561573,4.612152265693336,4.79918526959313,5,5,1.0
45.05,2.559702133362912,3.778385479310137,4.213799498086628,3.798433469518545,4.016859290525896,2.2207600596941024,3.9173294124064677,2.321156944331866,4.417630343444418,4.4621431268662795,3.5151121756357884,4.723286250157525,4.82320865607996,4,4,1.0
45.06,2.4997548448108398,3.621483222989944,4.262925994566437,3.5133006055183538,3.7588512374165024,2.4284191667757726,3.9143626206075477,1.793737035491209,4.373560341059414,4.162882640946842,3.1321235452750744,4.144554351686053,4.921474756331738,9,9,1.0
45.07,2.534199293329472,3.8135179679831963,4.228414574072027,3.8327259360324346,4.113741301308263,2.2794384729533532,3.8472113292147756,2.4377460674500497,4.377781583000599,4.424854721942809,3.482331311147004,4.707534075965218,4.806336165588399,5,5,1.0
45.09,2.58508435053388,3.8098960866886262,4.240368477377513,3.8545372589093896,4.045645797325386,2.2354102332789885,3.882542793011911,2.3264323756659184,4.422476014475924,4.448119027251478,3.5091468389671627,4.718257650218061,4.815700367721014,3,3,1.0
45.10,2.5200566116633563,3.4657300659457184,4.246999125809691,3.641315444989219,3.500050759986815,2.851107291415543,3.378152886147594,2.1638438060618728,4.499616606002243,4.301319967629366,3.3833097729043256,3.9812296454009206,4.900439422140036,7,7,1.0
45.11,2.539232055479147,3.7702866842885983,4.217897712260038,3.7687393758595977,4.0464095929783355,2.2067398359776025,3.921819861478235,2.2879579196511997,4.404344734734932,4.44494538936355,3.4581380160006203,4.656264451980322,4.804701671735466,5,4,0.974827422896425
45.12,2.572465506129091,3.800073016977163,4.195454187117052,3.7932744745744,4.0056657104901765,2.215698234172543,3.8917918680430317,2.3576838219168903,4.412478191158695,4.47589724171705,3.5614441516882898,4.747444095022872,4.821926541096822,4,3,0.9747447840923816
45.13,2.581675267849449,3.8125095966027387,4.239759446141275,3.8151237357537924,4.045312012659229,2.2369520247222523,3.8795796812035217,2.343876382455699,4.403398461386062,4.444230119042494,3.4927241334188666,4.69945459494214,4.812803969629367,5,5,1.0
45.15,2.5833324196188028,3.8156732569617406,4.230247805868642,3.8181036719970285,4.050102955453996,2.237836810976897,3.875653550046367,2.3692995422402494,4.400631546532562,4.46233205295262,3.5063229180690025,4.719196321932315,4.809847315057961,5,5,1.0
45.99,2.5615219308095076,3.781580403178427,4.200231336256652,3.807712584853105,4.021694462206055,2.2199651674343683,3.9142924484004658,2.3477709662745374,4.413800375879485,4.484207733700414,3.532372404174596,4.7506723991431,4.819521836254683,3,2,0.9744124640767918
46.00,2.626346153846154,4.144615384615384,4.597307692307693,4.816,4.3640384615384615,3.7219999999999995,2.524117647058824,4.4266,2.9134,4.4724,3.818235294117648,4.8788,4.645,1,1,1.0
46.01,2.5828637816449387,4.11168403270984,4.515220302963747,4.681740599058528,4.3594308426693305,3.812489896261672,2.3959547045399874,4.392835912643728,2.8473345224839877,4.43324818044516,3.703695119428451,4.769585602310686,4.397801320706876,4,4,1.0
46.02,2.5074070751102577,4.2770276823228635,4.148497815307274,4.539468872604434,4.450320598926017,4.129373036666622,2.021110473953782,4.186908757697065,2.9721396656514747,4.475926235852696,3.4246724381125095,4.433937508478408,3.7564813608011596,2,2,1.0
46.03,2.508003968384473,4.140433136848649,4.475596611848278,4.463597557193035,4.502779268447603,3.8450199347802396,2.3966533598827957,4.036046378123716,3.1014753967255992,4.469950201611214,3.7085098399191687,4.728448643211024,4.308490849952636,7,7,1.0
46.04,2.4406728249134138,3.943022571064553,4.137642050963337,4.165963292670017,4.149044206183077,3.9957687122053063,2.064065633689645,4.037403689307645,3.299404873930226,4.310936785869839,3.5306331385602157,4.526374485686176,4.014326719555859,22,22,1.0
46.05,2.513498157107887,4.168114541116476,4.527156711256295,4.636592604043647,4.254112708641188,3.973382092072719,2.2010210738637936,4.2913593896003075,2.90998285629106,4.3253953492890185,3.632121517669827,4.564651909526336,4.100694169425161,7,7,1.0
47.00,2.567470071522368,3.8480342185448193,4.32487180794778,4.150888866223848,4.2449915218583065,3.0685469867537,3.035059856955263,3.59020500529087,3.453042696686513,4.3336068437089645,3.1715727271568266,4.8189230847686675,4.447470071522369,2,2,1.0
47.01,2.393555832021531,3.9364477225410046,4.306819301274564,4.213812014421368,4.109415655308993,3.657177677347281,2.3850269131163357,3.80792464327426,3.802076499263698,4.050481897120804,3.518982125628396,4.601799751180623,4.207888462905601,13,12,0.9982385218790789
47.02,2.24,3.8,4.3,4.35,4.15,3.9,2.02,4.05,3.44,4.21,3.89,4.68,3.89,1,1,1.0
47.03,2.499113321420985,3.837299104074773,4.016042184708043,3.478097439678117,4.010714865861125,4.040632645665947,2.0912436741681137,3.390807957115546,3.0372327531269914,4.325525746916743,2.4411960664259205,3.6210002624048774,3.3672531207437304,9,9,1.0
47.04,2.6373309898270514,3.6750100147771865,4.1784138977024,4.248559555241059,3.8612485765228355,3.088774782452109,2.97328278562751,4.199709851603298,3.9221444350602743,4.158162909194204,2.797090628257512,4.72067918565693,4.533210121715224,8,7,0.9599354331360457
47.06,2.4766487345802357,4.215154955184423,4.1959835054081704,4.273351177589138,4.416447207205625,4.00445187101194,2.128714818344305,3.161754328952049,2.8779316765549314,3.8958045505048067,3.215255828660011,3.8116062465142218,3.176982227472542,19,19,1.0
47.07,2.524593557605092,3.798722598148996,4.17692384874098,3.6919262969473676,4.0708806318780555,3.404006710493574,2.717987253272971,3.320727799584206,3.466297027636638,4.354267665213797,2.6836817010619596,4.234694616354018,3.9095726475144694,5,5,1.0
48.03,2.0452382445141066,3.9037899686520374,3.510015673981191,3.317137931034483,4.304670846394984,4.410529780564263,1.8886175548589341,1.1336489028213166,3.7781598746081504,3.0244670846394985,2.717056426332288,2.5121442006269596,1.4272507836990596,3,3,1.0
48.05,2.425853346490574,4.316911624651468,3.603290495806128,3.4323885554956344,4.483011210427878,4.138398239836605,2.0415611983798234,1.5110011933311152,3.2150865165058344,3.7418522449541602,2.161316393386192,2.168309026861425,2.2005628162614315,24,23,0.98850444339842
48.07,2.280811752988048,4.057280876494024,3.809254980079682,3.5153386454183266,4.315320717131474,4.63635906374502,1.4683759960159364,1.8083017928286853,2.1087171314741036,3.9240488047808766,2.366394920318725,2.610606075697211,1.3602903386454184,7,6,0.9682241188099715
48.08,2.8,4.09,4.11,4.18,4.53,4.09,2.09,3.27,4.29,4.43,3.78,4.95,4.25,1,1,1.0
49.01,2.2736436768676866,4.340514738973898,4.326284878487849,4.087557568256826,4.307570319531952,2.6649373687368736,3.747208783378338,2.6747243474347435,4.265008625862586,4.594887676267626,3.9001822682268226,4.142157215721572,4.567668954395439,7,6,1.0
49.02,2.5397081367456895,4.143503293155137,3.9958610582862906,4.377979569572197,4.153610838419496,2.657839083944172,3.643434821612685,4.293433464519051,2.0634729788557764,3.7245963703913896,3.548328818500183,3.678097072731407,2.748944850887134,31,25,0.9936499041181055
49.03,2.6571092808356775,3.9489132181599036,4.451157091201285,4.503848935315387,4.035048212133387,3.39578746484532,2.74754519887505,4.363396946564885,2.798372840498192,4.39688429087987,3.38537766171153,4.230241060666934,3.5847509039775014,4,4,1.0
50.01,2.4165536270583,4.24980173564753,4.232669336893635,3.374038273253227,4.07509857587895,2.3162038273253223,4.155308633733867,1.5824497107254116,4.365362705829996,4.230823542501113,3.2034804183355585,4.168093012906097,4.842450823319983,8,7,0.9838649648619655
50.02,2.2218805006845295,3.3775220027381185,4.522735184823,3.1949579503227072,3.483247604146294,3.1883766868765893,2.95076862898494,1.3268374731077646,4.605385292391942,4.063848034422062,3.1742734206923524,3.3512820262077057,4.772906317230588,3,2,0.9327738757639332
50.03,2.1572060155825334,3.386648849429245,4.426437760463852,3.2336111614422904,3.5217811197680744,3.348709005254576,2.833151839101286,1.3665048015944916,4.645698496104366,4.197452437035695,3.1547798514223584,3.2446865374161984,4.615057981518391,3,3,1.0
50.04,2.5563266583229036,4.205897633669994,4.105127921529819,3.371423727333586,3.9302990656925805,2.225019501120587,4.2588174171202375,1.535486945891667,4.442224874115901,4.379286608260325,3.1283275606135574,4.097136100358005,4.898654713741013,14,11,0.8029963072032908
50.05,2.1462251761214,3.944566235980738,4.09709308720452,3.611301359094253,3.9750104116990177,2.693786329014246,3.5808931253165723,1.6146514830243774,4.245308057797066,4.259573926366879,3.305057363080481,3.7873960882665387,4.65526725582369,12,11,0.966279539034124
50.06,2.329641407211703,3.9479347332227466,4.285745228329587,3.7413955368647773,3.9118099244874727,2.662682689914373,3.593087564392223,1.9331767779929434,4.443482008921734,4.224534011115508,3.507369611216875,4.200096367508223,4.910581961203527,6,6,1.0
50.07,2.4525832610712053,3.399890629062906,4.265176190168036,3.5538283957807537,3.3044849155503786,3.1447875579714832,3.1303925753359647,2.0440493625833174,4.535418011605082,4.204050108932462,3.3628278176837285,3.648707608015704,4.907321469401842,13,11,0.9946238520063901
50.09,2.4386580346146367,3.3213486906073766,4.243971365139042,3.5252339242885844,3.2402678745057365,3.2230526836066633,3.044834138199261,2.0253549782848252,4.548638426135995,4.241282329681727,3.3051942211706744,3.5097954884293774,4.89681678226486,6,5,0.9934236475010666
50.10,2.522552815020491,3.85591811465211,4.264735924431308,3.8829582837430707,4.016007064877568,2.3506675184634087,3.8084502548690753,2.134812051785939,4.429617708614427,4.454664914560397,3.4999732091050713,4.584531699771517,4.834890797545447,5,5,1.0
50.11,2.1521429233478546,3.403511910278988,4.556879228844193,3.259659838724627,3.5311734173695433,3.1996088608768196,2.9644897580869403,1.3709778478079524,4.606632681434794,4.015408286217444,3.1236565019927696,3.361122439521735,4.707508573547131,3,2,0.9360576088842617
50.99,2.23,3.41,4.53,3.23,3.4700000000000006,3.2200000000000006,2.92,1.32,4.64,4.16,3.1699999999999995,3.35,4.79,1,1,1.0
51.00,2.0787782014617098,3.6218469971401337,4.202900381315539,3.8392977438830633,3.8575421035907214,2.7549014934858596,3.2608849698125195,1.838504130918335,3.8914045122338736,4.231053384175405,3.895526692087703,4.577022561169368,4.889037972672386,2,2,1.0
51.01,2.300736861791659,3.760442117074996,4.848297737048813,3.9743037217131105,3.965269122872639,2.768084159341687,3.669985038339256,1.2790345988404714,4.68222554703572,4.382439124742847,3.651554890592856,4.424745838788105,4.794141387694033,2,2,1.0
51.02,2.1039455155467346,4.119592666099613,4.728712314526038,4.05613741612324,3.9143098478404688,2.653812966638314,3.867056516397316,1.324556988942444,4.448513609299688,4.6289093658444385,3.7532473301200264,4.138007513467537,4.586734004347415,3,3,1.0
51.04,2.055701756941814,3.7866932781678857,4.777092450686169,4.213978905043559,4.160752017715101,2.5275714577081088,3.9922688732845777,1.2306386760292531,4.676373940153258,4.588882316948807,3.9311511902333853,4.442668045802861,4.598928644270272,2,2,1.0
51.05,2.0982464251668254,3.7945922306959012,4.724307197330792,4.165842945662535,4.121331267874165,2.52167540514776,3.8924728312678742,1.2913715443279314,4.561682316491897,4.544988798856053,3.9432421353670164,4.49749404194471,4.6517561963775025,7,6,0.9861339600470035
51.06,1.638051017316522,3.6644312116904003,4.015385601417019,3.9066907497611107,4.2498286992798375,2.9739323420420907,3.3816506630619707,1.0841713473326031,4.437964900832032,4.377671592047917,3.748001142004801,4.132909665089612,3.794657515090778,4,4,1.0
51.07,2.2896456435123564,3.8949689356594823,4.0106809469928,3.88025965492872,4.264949631716606,2.265826067016288,4.032934082961131,1.4533715174396804,4.351523418764261,4.395658599604778,3.6404331055357524,4.722944722993739,4.664648780559513,19,17,0.968093970916324
51.08,2.014155304969334,3.898154018021094,3.6060489334971355,3.9926860003092366,4.455940879221834,3.4600401920675545,2.773445527550475,1.0843641097753423,4.693008625472811,4.492262296393904,3.8932230908160643,4.447763216664535,4.017917074281299,10,9,1.0
51.09,2.0881187510753207,3.8798268072731537,4.221591217117992,4.29245174442012,4.538981611491349,3.3099687768830184,2.987498248754603,1.248237778563939,4.641770370246033,4.556290013470359,4.132408002282205,4.567773517526154,4.33494908330221,19,17,0.8307071002848898
51.10,2.1531984836766065,3.966169721275316,4.220957225016929,4.08642862029512,4.432603248445958,3.397373281006808,2.9724676629825786,1.1656459432204893,4.616792659008659,4.5409979775989,4.034336914071825,4.4705643396640795,4.328832545570865,8,6,1.0
51.12,2.5145102707277944,4.186287594907933,4.832502537151905,4.652390256336563,4.692074716973878,3.077344693888204,3.12538749186804,1.1770531038551697,4.76851881124432,4.651039322696245,4.205200469521224,4.746989294219085,4.553030634017794,18,14,0.9272706506427747
51.14,2.5147288275956847,3.8604170725409896,4.649730072103273,3.975436968607743,4.382762110977465,2.8062137853993803,3.4724724023247093,1.3674990520897115,4.70524623082409,4.612227198847696,3.6149546417885583,4.470145869945477,4.855109658126509,6,5,0.9928014543502397
51.15,2.335023169168313,3.9550887372469417,4.402566569627692,3.8966154318679553,3.7027712194861384,2.5757842129159765,3.6915270952406383,2.017748317397575,4.3767714732119005,4.411509067357513,3.7204510309278347,4.620722984883287,4.805320095080392,19,15,0.9384195092608837
51.17,2.29,4.05,4.71,4.55,4.76,2.5,3.71,1.0,5.0,4.32,4.43,4.2,4.9,1,1,1.0
51.18,2.04489853402471,3.6873055502208567,4.170174764739773,4.4346956020741315,4.781014659752897,3.0718545547660203,2.954464502912746,1.061217591703476,4.4884047116061705,4.314954868446323,4.672435183406952,4.911826387555214,4.627536649382242,2,2,1.0
51.20,2.5174982703677466,3.968222180762861,4.304449175253398,3.978368484953886,4.106180463423153,2.571813715740484,3.7483150930780162,1.6515540674153084,4.616824461890718,4.640519560959978,3.9257595278304365,4.74906595369333,4.909342384026471,14,14,1.0
51.22,2.379630171410986,3.805283410544211,4.170390482614368,3.7015406699831197,4.198622216908817,2.4242042965740906,3.926559565248492,1.7188296423669769,4.5158039288201,4.47470261116657,3.7013014878353645,4.648393494585585,4.927419520207219,13,13,1.0
51.23,2.1436457379595963,3.8563504175095327,4.547466567304466,4.0373000796917395,3.78444554922795,3.0252815815235268,3.1661352135327903,1.8044988012606522,4.596785124140844,4.365456621247881,3.8935003647452966,4.424747132733248,4.555708061545803,11,10,0.9922255028995051
51.26,1.9053246304137172,3.6868540822697344,3.1706111551587286,3.6938938517557673,4.479611874824492,4.331778337969875,1.782484164623285,1.784941220620508,3.9782204913705814,4.63897340719167,3.64119431315008,3.0452366058550746,2.7669378612808457,7,5,1.0
51.27,2.3717785061288073,3.884307238576159,4.056878998316755,3.414282636971113,4.104936059284125,2.059151069602604,4.38993620300906,1.340969055951223,4.453612620549389,4.275639360793467,3.1162734480310665,4.552408741383652,4.924386178773564,5,3,0.7206097398856738
51.31,2.0446948929778443,3.9649605707848288,4.437532857679309,3.4477722493428464,4.126525535110777,2.8292583552384527,3.312280322944048,1.17,4.6365518212542245,4.108992677431469,3.812467142320691,4.393819001126549,4.427638002253098,2,2,1.0
51.32,2.430145861317912,3.7707334805606787,4.278376704687749,3.874423422808096,4.16925179670484,2.447646790975116,3.9412719987250417,1.2535122069682552,4.684047841298029,4.582039174616185,3.8824939097966893,4.616273858039448,4.926107202756338,17,15,0.8862829239419947
51.33,2.138384600924103,3.1952757048929046,4.508866193072197,4.180302024928402,4.396934654846593,2.604031253277399,3.357143418982696,1.0960095397523295,4.5029470372312534,4.1432588187245365,4.19306816495335,4.635354113328604,4.668946186344253,3,3,1.0
51.34,2.209056603773585,3.713846153846154,4.394716981132075,4.2323076923076925,4.489811320754717,2.3592,3.69,1.0384615384615383,4.56,3.980961538461538,4.224150943396227,4.667450980392157,4.753962264150943,1,1,1.0
51.35,2.03159626719057,3.344824410609038,4.7445027013752465,4.009720039292731,3.6041453831041252,3.1087610510805503,3.323430746561886,1.2775699901768174,4.654740913555992,3.8751043713163065,3.8044609528487237,4.321673624754421,4.5085289783889975,2,2,1.0
51.36,2.067845467126387,3.3205300108375386,4.702848805870937,3.8005450386361086,3.3197985056006645,3.630812162993522,2.7532315480918124,1.8541629478103032,4.837445388522876,3.932398968250105,4.043353935886253,3.9469015931725817,4.465672028821112,3,3,1.0
51.37,2.2041211285154856,3.2158377177068216,4.47389023006408,4.220150920718433,4.44631744504272,2.457728537735849,3.4774660966981132,1.0992453964078375,4.494604952830189,4.312862362799346,4.238237612362051,4.663390503607103,4.670059184763262,2,2,1.0
51.38,2.3076398110994227,4.084887190283855,4.211218119347286,4.118310851860793,4.5401030316315785,3.0327331315429014,3.1371299742169927,1.1362015847696754,4.652118687953923,4.681755205980936,4.071248097380339,4.8936905825806205,4.607564127913625,6,6,1.0
51.39,1.8949639262492208,3.919677117662777,3.31654760844393,3.8834180992250826,4.593201656720407,4.203452391556071,1.9184541729758617,1.6271933731183754,4.023201656720406,4.669388527656542,3.6543524539057626,3.4970526409548413,2.976152578605148,2,2,1.0
52.01,2.6167616046258684,4.01009504795628,4.501779298793494,4.3923218204052725,4.0919665457902035,2.624107300609551,3.500659436764674,2.531305879819273,4.357538654862996,4.547662709840802,4.134577401713494,4.802233267474366,4.909932135670723,17,15,0.8838950143954212
52.02,2.544027154105496,3.9844873502483797,4.351469437077468,4.1624986241413096,4.138557491886798,2.528897772064482,3.695650666444446,2.0749037523533818,4.282232328165551,4.534251662844554,3.8678148295517842,4.76876593018827,4.812122433690438,43,39,0.9392073599951183
52.03,2.3243680687814896,4.078919066498562,3.9816647856901253,3.9784140004953277,4.631300452984559,1.914432291130738,4.517361313988449,1.2765949319411738,4.649165338326161,4.1155551554198055,3.52331733038529,4.77230986617562,4.940870346520798,15,12,0.9157104721615199
52.04,2.0893205676729396,3.988109465670492,3.663120881177725,3.6713382701374218,4.330711278336705,2.36575845585784,4.271962094026791,1.3220673684684952,4.373083419163912,4.338126284988629,4.158101829291746,4.903774065912637,4.635514481637317,18,18,1.0
52.05,2.484622256250532,4.2014889295145235,4.13871975082944,3.905221997712135,4.028388787324802,2.190581540336568,4.107391563409846,1.6312180190315473,4.263822538893837,4.260394860336359,3.6674481684609663,4.496838971442262,4.92277635588056,10,9,0.9066187032694504
52.06,2.2032974246994046,3.9776822092222988,4.156606779077769,3.722184313419105,4.099874437300729,1.9542744220881747,4.202032154568641,1.7304884797174205,4.267463627484718,4.322258783551273,3.6030120111533948,4.847277969515405,4.997105152625401,5,4,0.9428942245295263
52.07,2.6798250251501856,4.025170032680126,4.720502406965425,4.711832539655552,4.186382443851701,2.7695824014900854,3.2577546757924867,2.782176825520502,4.414700456528488,4.577517439477151,4.305425813442229,4.743820046900993,4.860635028377451,5,5,1.0
52.08,2.579546169288752,4.047030998314182,4.505924721682138,4.607989704702408,4.351197266338257,2.5062940521201167,3.702323371421149,2.1517591067916317,4.483193544733824,4.3937650792608265,4.156587283419333,4.777033102137001,4.862598748877093,21,18,0.9458867671399472
52.09,2.443202286008112,3.8284796079048173,4.2288720533504,3.799228291187509,3.910343558958982,2.548126885938138,3.7338815591678816,2.0877816969895933,4.370594868274717,4.392854544974633,3.740763203656692,4.671124634259967,4.834339975010047,12,11,1.0
52.10,2.3523313380870485,3.800014526339978,4.246598810711403,3.7808741683830203,4.013918531276309,2.2099752401113557,4.170070009435738,1.5530340646330478,4.486119182233936,4.4648313954398136,3.5892171304849465,4.817081290476801,4.972877751535832,13,12,0.9879734506889835
52.11,2.6473313215545784,3.9748865372089233,4.657754689123068,4.533947060460139,4.116848802928345,2.6965171748013397,3.382372945495149,2.6392118684318047,4.370419898737689,4.502415155177892,4.2313620559083756,4.731108808048455,4.894324471028063,4,4,1.0
52.12,2.5699041282286603,3.489655885457834,4.283561995045276,3.6413425893998634,4.077558255131109,1.6204107751966772,4.620392842360675,1.161630034958914,3.9395799785857073,4.625433127151777,2.8746585617510223,4.317847236565517,4.997773183489207,4,4,1.0
52.13,2.5773735718474877,4.029179903160367,4.610778675967172,4.509215147413848,4.203919697702181,2.6025587457688326,3.484103771888371,2.4872390659266412,4.400107847134293,4.503815938435837,4.116437249741899,4.7163455163577535,4.898590753728961,12,11,0.9895548380276596
52.14,2.687666976718984,3.9446986923618765,4.3309695757400615,3.730915574459716,3.7539392146946735,2.0401479220474292,4.4411990445572265,1.4657849441002764,4.339881337258657,4.283991908537576,3.681121335813752,4.610784673180775,4.982502528582007,9,9,1.0
52.15,2.744028090829499,4.1496056479704935,4.422735502859378,4.151139280591622,3.9652659128588197,2.49031592869251,3.583638954603879,3.221610752007153,3.9962716316152225,3.975536762103459,4.048043887264124,4.954618780619563,4.972371141702215,5,3,1.0
52.16,2.41522890698441,4.146764231910244,4.014138088901368,3.93440691726386,4.699471194345082,1.8010249539133938,4.515681959687954,1.2448635714372918,4.577178584072958,4.168819816630245,3.769248757798098,4.801138919070698,4.951919217199155,5,4,1.0
52.17,2.4976982263119902,4.347885281405061,4.167010042674513,4.596690029515776,4.493496203156269,1.9044398855920974,4.5870843347070815,1.8477077298438314,4.255178145531969,3.7815594930231278,4.3036308060639845,4.8649635850246264,4.995322708872095,8,7,1.0
52.18,2.4401066015113613,4.004462354080287,4.377468433098861,4.389292369805416,3.928901826471808,3.1503218276147047,3.020654540594911,2.4471767697900972,4.47066109595931,4.704502257955433,4.619826469584412,4.832154926669237,4.554587301268233,13,9,0.728734480239347
52.19,2.4413403891732393,3.994255303761347,4.374750831182625,4.1840643548069,3.974531593205069,2.798788550033165,3.4666490683935702,2.027583732996659,4.460052216245927,4.5226329633907705,4.260998617622931,4.756942157128127,4.636768502466168,12,10,0.9799394965334024
52.20,,,,,,,,,,,,,,3,2,0.29946319285371137
52.21,2.5856097780163907,3.5983373667343987,4.346731595719997,3.8783354463746527,3.9995055058992843,1.940863404493745,4.204802529501146,1.7307769880131276,4.129198929197634,4.552107229342983,3.2362131897937196,4.5602445143682955,4.911277156260859,3,3,1.0
54.01,2.515244572436517,3.4739751727630703,4.244813137062589,3.65812394102476,3.5450019191174995,2.8574955946504077,3.361596431235027,2.1708156951923536,4.5104460431299085,4.32446434134599,3.4119201145658495,4.030445796214071,4.8988854476991035,9,8,1.0
60.01,1.5187541088751702,3.7950020043293513,4.6885969694540215,4.872934338170448,4.812533472300168,2.398646676821935,4.125939228734065,1.0645177583580534,4.747387156257516,4.8687909885352365,4.4822632887036,4.6083845105427725,4.049493305539967,5,4,0.9548342647171401
60.03,2.37,4.21,4.76,4.78,4.55,3.96,2.3,1.55,4.92,4.82,4.65,4.97,4.5,1,1,1.0
60.07,2.52,4.09,4.7,4.57,4.57,3.13,2.83,1.3,4.43,4.75,4.26,5.0,4.96,1,1,1.0
60.08,1.5800000000000003,4.67,4.59,4.78,4.99,4.36,1.7800000000000002,1.03,5.0,4.98,4.68,5.0,4.64,1,1,1.0
60.09,2.476,4.169999999999999,4.5369090909090914,4.243090909090909,4.816545454545454,3.5200000000000005,2.7874545454545454,1.21,4.72,4.65,4.209814814814815,4.665454545454546,4.452909090909091,1,1,1.0
61.01,2.464661655505971,4.018234217485286,4.769156129894726,4.2783148034080325,4.482957347111986,2.947096232666177,3.2871178729493398,1.2061843467816558,4.751826292823758,4.637638462912902,3.841610050189274,4.540692268448424,4.668374059512796,13,12,0.9778564531702607
61.02,2.5231217665446932,3.959243804530942,4.710352822379076,4.170432168464604,4.364126975780341,2.7888232398949753,3.467823447446213,1.3576923022671448,4.696769479464517,4.597853535555512,3.6588179956998608,4.531422794276926,4.853842088709949,8,6,0.960229636409019
61.03,2.5269118945726774,3.9341806436558335,4.721705143925053,4.067058103310616,4.388774350849002,2.8784691906387874,3.3892061828939224,1.3001045778853253,4.721090314807949,4.625718743488113,3.6341331076873704,4.458152552824433,4.841440479717304,3,3,1.0
61.04,2.4343051108878035,3.7740314552125453,4.666799794349279,3.738441494706831,4.205515879507373,2.76519992521792,3.579620948330256,1.2185368418592695,4.72852632562922,4.601073823934939,3.218294033792153,4.2201049286064825,4.8539475590661585,3,3,1.0
61.05,2.380275557734739,3.7842868350085808,4.666653101250307,3.6822039715616572,4.171265996567786,2.7327683255699933,3.622913459181172,1.2285197352292228,4.693767590095611,4.585999019367492,3.1825457219906843,4.2054018141701395,4.899699926452562,4,4,1.0
61.06,2.3344821523584796,3.7759000161935834,4.672260855483841,3.699541258935388,4.183343512156753,2.7549492215513456,3.5725893538760496,1.2850334281814604,4.717595252966896,4.6086129039720545,3.3161991348000095,4.253331945311958,4.887763434890231,4,4,1.0
61.07,2.317515233718647,3.961596453225905,4.7298856205842466,3.931746057452882,4.272036358483309,2.761308986375691,3.499464947264004,1.1884632670000201,4.75716602222807,4.679733587059943,3.4793959147316644,4.283173472073203,4.702302973864809,3,3,1.0
61.08,2.520238359177345,3.946833181228781,4.7319694198668705,4.095079311085649,4.3914837558897855,2.9011618459548356,3.3484938316165453,1.2740649316908537,4.742687853180906,4.567955277606953,3.67195265627167,4.469592767766465,4.826564833811779,5,4,0.9770749580174037
61.09,2.5269118945726774,3.9341806436558335,4.721705143925053,4.067058103310616,4.388774350849002,2.8784691906387874,3.3892061828939224,1.3001045778853253,4.721090314807949,4.625718743488113,3.6341331076873704,4.458152552824433,4.841440479717304,3,3,1.0
61.10,2.3783430910315526,3.749509869954925,4.659941453810684,3.6330102067250403,4.13557794932905,2.7169312470856433,3.6251572457385626,1.2411667789233718,4.7088332210766275,4.595764468162272,3.166020413450081,4.1777944147971615,4.904294078027045,3,2,0.9412826139965862
61.11,2.388349588540079,3.7596891191709854,4.665027430661384,3.6554419384334045,4.152092349893325,2.716404551457889,3.622709539774459,1.2380148328761555,4.701033221578786,4.595260591283146,3.187024281215077,4.190354058721935,4.900885400792442,3,3,1.0
61.12,2.386737891392399,3.7928997598894036,4.649105527394437,3.692755208459654,4.18368193834736,2.724140816376028,3.6184521355290924,1.225789333268657,4.696792704518444,4.586470131697024,3.2498033033397205,4.226394703014722,4.856198248890398,3,3,1.0
61.13,2.52589350129684,3.9337894019622452,4.724417083304894,4.083141377135093,4.399844102426898,2.89616892320629,3.3674321103567815,1.29182474051299,4.728785388476042,4.631630729131118,3.6563668465363905,4.47117074853039,4.837538159472219,4,4,1.0
61.14,2.3799143495843067,3.7756835706929905,4.670285082761912,3.6742860372240225,4.159437872051842,2.7307123301434206,3.640208976967322,1.2411667789233718,4.715256323311481,4.584943109034737,3.2126797779619727,4.188811694672594,4.906292668223947,3,3,1.0
61.15,2.5269118945726774,3.9341806436558335,4.721705143925053,4.067058103310616,4.388774350849002,2.8784691906387874,3.3892061828939224,1.3001045778853253,4.721090314807949,4.625718743488113,3.6341331076873704,4.458152552824433,4.841440479717304,5,3,0.978774473548333
61.16,2.5269118945726774,3.9341806436558335,4.721705143925053,4.067058103310616,4.388774350849002,2.8784691906387874,3.3892061828939224,1.3001045778853253,4.721090314807949,4.625718743488113,3.6341331076873704,4.458152552824433,4.841440479717304,3,3,1.0
61.17,2.5190099478939527,3.8883440629918167,4.729109753400534,4.101857232581885,4.4055826023033475,2.9281929238388815,3.3523140400329687,1.2827838740860487,4.697941162640728,4.642703351032717,3.6408204302734877,4.467493668887874,4.794607737947876,6,4,0.9673411569002041
61.18,2.5297757433121855,3.950160716575519,4.719856913887313,4.076041409602064,4.396736524017041,2.8655889409829673,3.408577683835973,1.295304619923735,4.718755889116351,4.620991351843423,3.61288633875006,4.463477716004376,4.842740295106596,4,4,1.0
61.19,2.4865857749355857,3.901835453905206,4.737806166738842,4.12342152194031,4.426985622732672,2.9399592824480507,3.3340323289351677,1.2792002118675734,4.711017101102799,4.650811306017445,3.6879703337571885,4.487515279170202,4.790079334289763,6,5,0.9773629465855987
61.20,2.5190099478939527,3.8883440629918167,4.729109753400534,4.101857232581885,4.4055826023033475,2.9281929238388815,3.3523140400329687,1.2827838740860487,4.697941162640728,4.642703351032717,3.6408204302734877,4.467493668887874,4.794607737947876,4,4,1.0
61.21,2.3783430910315526,3.749509869954925,4.659941453810684,3.6330102067250403,4.13557794932905,2.7169312470856433,3.6251572457385626,1.2411667789233718,4.7088332210766275,4.595764468162272,3.166020413450081,4.1777944147971615,4.904294078027045,4,2,0.938878754712392
61.22,2.3810304899630887,3.7646847347929415,4.668126106082823,3.6594129544420286,4.150847449056985,2.7280765535723313,3.6192567123426196,1.2377691257521362,4.686237043029782,4.591534105273802,3.182723365525611,4.186752793649189,4.897451585174698,3,3,1.0
61.23,2.5269118945726774,3.9341806436558335,4.721705143925053,4.067058103310616,4.388774350849002,2.8784691906387874,3.3892061828939224,1.3001045778853253,4.721090314807949,4.625718743488113,3.6341331076873704,4.458152552824433,4.841440479717304,3,3,1.0
61.24,2.389309186505039,3.767649578890999,4.672622072927316,3.6805184752446327,4.121356798597926,2.6778779027311232,3.6526147704590817,1.2290229297502555,4.7258064359086704,4.608697239667007,3.204291903996885,4.221995521152817,4.8998091621634785,3,3,1.0
61.25,2.5263008844880024,3.9520941083833723,4.713333865414479,4.0852288984017475,4.40688313960789,2.876718046546144,3.393931634612035,1.2892620952316427,4.713825119903252,4.619370198452173,3.6646934449266393,4.475561226242665,4.816459416581861,4,4,1.0
61.26,2.3870457091396315,3.7312911019834387,4.668062248775453,3.784969578491884,4.230515298614009,2.8199989017506097,3.5365036132404946,1.204483493311661,4.661237946712939,4.61794253959189,3.2970026577635245,4.263535923737562,4.778236870428538,4,4,1.0
61.27,2.3783430910315526,3.749509869954925,4.659941453810684,3.6330102067250403,4.13557794932905,2.7169312470856433,3.6251572457385626,1.2411667789233718,4.7088332210766275,4.595764468162272,3.166020413450081,4.1777944147971615,4.904294078027045,4,2,0.938878754712392
61.28,2.3783430910315526,3.749509869954925,4.659941453810684,3.6330102067250403,4.13557794932905,2.7169312470856433,3.6251572457385626,1.2411667789233718,4.7088332210766275,4.595764468162272,3.166020413450081,4.1777944147971615,4.904294078027045,4,2,0.938878754712392
61.99,2.5269118945726774,3.9341806436558335,4.721705143925053,4.067058103310616,4.388774350849002,2.8784691906387874,3.3892061828939224,1.3001045778853253,4.721090314807949,4.625718743488113,3.6341331076873704,4.458152552824433,4.841440479717304,4,3,0.9668072671132798
99.99,1.8736702597866166,3.3768262501395765,3.690886978106067,3.588023620260949,3.882176954800278,4.11479487805039,2.046992861406073,2.48559771380063,3.6731484547691733,4.087010446677813,3.4993610847502956,3.5798384019956107,2.6614501980681853,180,143,0.9692974575271041
