cip4,R,I,A,S,E,C,n_socs,coverage_pct
01.00,5.701237606232295,5.819275849858357,2.0620892351274787,2.4495325779036823,2.1864837110481585,3.8640120396600572,5,100.0
01.01,2.515190154787033,2.225345723786265,1.254788156227319,3.5316934544318164,5.672020477360939,5.4481652156999685,10,100.0
01.02,6.150327166736066,3.6770245672476354,1.5069627029920885,2.432562806099181,1.526284575575516,4.15117442944104,6,100.0
01.03,5.638603112274579,3.90156559045957,1.7666026759744036,3.0913656195462482,3.4284380453752186,3.651153286794649,10,100.0
01.04,5.294721016738996,3.4930176689398635,1.3315251084934905,2.8990359578425298,4.118646931184129,4.684130502169871,4,100.0
01.05,5.496356468389014,3.1556643339884007,2.0680609212481422,4.557018645448881,1.7268808416814458,3.252581603796194,4,100.0
01.06,4.723148613164456,1.4462821774531653,1.389818883911825,2.6755371036430637,4.668954919570158,4.58911419051612,9,100.0
01.07,4.642717815344604,5.5780104031209365,2.6272431729518857,3.6986215864759426,2.5913133940182056,3.7840702210663197,2,100.0
01.08,3.8241373369431453,3.3536795471326606,3.7923480187053906,2.4936697021904997,2.7153950283042088,4.141727787349249,3,100.0
01.09,5.2959626456958295,3.6679132144361746,1.4847563544446005,3.230293498104199,4.2681912652717315,4.23930346861396,6,100.0
01.10,5.939586255036964,2.7682793413078657,1.6892080464511214,1.762890503537773,2.6491268204461087,4.506607862423454,8,100.0
01.11,5.40046988056839,4.427940022665854,1.7969435968965217,3.0763813093888936,3.743434748496208,3.987968790863918,9,100.0
01.12,5.741161616161616,6.192304713804714,1.9252239057239058,2.3833215488215487,1.7109966329966328,3.859506734006734,4,100.0
01.13,6.640000000000001,4.985,1.115,1.4249999999999998,2.05,4.605,1,100.0
01.80,3.974067343322056,5.5728918962461735,2.4803931045593686,6.077697760592879,1.9146570001611085,3.507009827613984,2,100.0
01.81,3.984063039447606,5.583607505913944,2.4762841250559426,6.04526372994054,1.91848922703152,3.505849050572214,3,100.0
01.82,2.0210941396468223,2.2682838288974914,1.1843363780608087,3.7563063414279165,6.128944507470173,5.692089764231795,6,100.0
01.83,4.955840961218778,5.099489299917934,1.966773983123961,5.061619215958588,1.4785531216463608,3.913107337499737,3,100.0
03.01,3.4826158642396385,4.213040857358274,1.4245346162591703,2.7797261874842927,3.863583336325231,5.334154184468459,8,100.0
03.02,4.116387827390898,3.1943368078195267,1.2379166048127344,3.0498877195945737,4.576597315950236,4.889054952344933,19,100.0
03.03,5.530049778199181,2.230001354508821,1.0000020317632319,2.8899370153398123,6.009863871863465,4.659953608072874,2,100.0
03.05,5.765402276486039,3.8817229302461334,1.397746862535266,2.9698346142620875,3.938751824107404,4.363830139118592,6,100.0
03.06,5.1916932907348246,5.787806937471475,2.3837768142400733,3.1557850296668186,3.115223642172524,3.6872911912368784,3,100.0
03.99,3.9699999999999998,5.91,3.15,6.469999999999999,2.42,3.34,1,100.0
04.02,4.023157592256504,4.754315789473684,3.0230589836660613,2.6437843315184515,4.8260229885057475,4.106761645493043,3,100.0
04.03,3.5117558095238097,5.215603809523809,2.560447619047619,2.755284190476191,5.263926095238095,3.9416083809523808,3,75.0
04.04,4.02212165082109,4.551735522904061,3.47801404494382,2.686256050129645,4.572935609334486,4.032790406222991,6,100.0
04.05,3.70162157486853,4.6850408247993345,3.2081369360642125,2.696254151674509,5.007155411015777,3.9095952117354,3,100.0
04.06,3.7205936244979916,5.158831157965193,2.644116047523427,2.6988349230254354,5.276477576974566,3.918506526104417,3,100.0
04.08,4.7455024311183145,4.009024311183144,4.144925445705025,2.860918962722852,3.5289724473257698,4.359298217179903,3,100.0
04.09,4.2252639737394,4.875080088751101,3.1342485030850127,2.3180249840430385,4.12581289322513,4.2549870824594995,3,100.0
04.10,2.8455149507390436,2.086695920299515,1.8082773754852373,3.4357228245592553,6.420688860108542,5.101088017852246,5,83.33333333333333
05.01,3.05,5.31,3.84,6.920000000000001,3.0,3.0299999999999994,1,100.0
05.02,2.0946426917734216,3.564002160827288,4.202376910016978,4.0868714307763545,2.094057724957555,4.4795076400679115,2,100.0
05.99,3.05,5.31,3.84,6.920000000000001,3.0,3.0299999999999994,1,100.0
09.01,1.1040632161308257,2.766618303117415,4.515773522990766,3.78999891521011,5.432862082525391,3.846654643578722,9,90.0
09.04,2.1551218983973763,3.0191850751809914,5.418163789369469,2.945225542973826,3.581180310624342,3.8283370459748776,8,100.0
09.07,2.8758971683808014,3.3792701822916666,2.6832802281118147,2.7912661853902954,5.399631428006329,4.858200545556435,7,87.5
09.09,1.5122953058640842,3.1763914960492428,3.4314152879032607,4.5175285782886085,4.983438437408403,4.122227329138317,16,94.11764705882354
09.10,1.03,2.9,5.39,2.56,4.13,4.68,1,100.0
09.99,1.2402584907847456,3.3343584096441403,5.5254572852671835,3.3834287701402577,3.9133198098991535,4.058509331169583,3,100.0
10.01,4.109880933481505,2.43095411970154,4.4359850769963485,1.9609541197015399,2.6952976662962373,4.312544848388633,3,75.0
10.02,4.595870741801974,2.409492730552903,3.8741839117054013,2.0096168948317947,2.327790512575613,4.367518306271888,8,100.0
10.03,4.069303532761842,1.8384744757215314,1.9478269510277935,1.5184510426245068,1.7349105686233794,5.891076142734256,6,100.0
11.01,3.3066118904504225,5.479239239442874,2.020099106121246,2.167677043026525,2.7901264335572487,5.667844423125929,14,100.0
11.02,3.5895602594713014,5.776465602081247,2.4188335344407075,1.9214266642704938,2.024662653076943,5.5109690380221314,7,100.0
11.03,3.233333333333333,4.993333333333334,1.8433333333333333,2.033333333333333,3.1588888888888893,5.7988888888888885,1,100.0
11.04,3.296541054208407,5.490298661174047,2.2207901213102037,2.031066513301323,2.8507601448500006,5.642811902309844,7,100.0
11.05,3.540674913329828,5.679400260233319,1.855742377926511,2.653325995704368,2.313106847166398,5.359678852478009,6,100.0
11.06,3.0121423151012783,2.2321814254859613,1.2650037942910513,1.4087332905259469,1.7099608896153171,6.913768606619579,2,100.0
11.07,3.266760957345338,5.477827302741549,2.117775354425805,2.025536811957761,2.7762222157336196,5.668830401190293,13,100.0
11.08,3.192480486285881,5.325777247981832,2.6207713540837836,2.2035840499331045,2.8216840880469785,5.455656904406868,13,100.0
11.09,3.3996499045194137,5.613419937134907,2.040562476411507,2.2130060048557088,2.675819724768058,5.616779867960772,10,100.0
11.10,3.0316186403523173,3.9489553227979637,1.5222265687975949,2.6723680434428965,4.378967341230848,5.707580523500322,13,100.0
12.03,3.6657888913476433,1.8019982296968353,1.7611197167514936,4.206472670944899,4.800312015932729,4.555768975437044,4,100.0
12.04,5.087035063049987,1.4573466086062477,2.6094023103208444,3.6748639964921828,3.661606943058453,3.991270827663371,8,100.0
12.05,5.198027274630406,1.4999520055418032,2.0913312735393537,3.0980541649318485,4.3800595900787975,4.305803848846726,12,85.71428571428571
12.06,3.657862121212121,1.0886363636363636,1.0628636363636363,2.40222196969697,5.2416113636363635,5.531065909090909,4,100.0
12.99,2.7,1.0,2.29,5.34,4.67,4.18,1,100.0
13.01,2.6699862925607527,4.7699331550802135,3.4699861233331077,6.999991877073039,2.67999593853652,3.6100101536587017,3,100.0
13.02,2.691798153464526,3.2403563161243065,3.8902973221493378,7.0,2.671714727911341,3.6686043260466286,7,87.5
13.03,1.8498455212269393,4.199797362376825,3.540298955323405,6.343876416981551,3.914137215677558,3.8990068163295546,2,100.0
13.04,1.251168405073209,3.261565382041363,2.8045316096175505,5.770262638133946,5.345319687250053,4.681728939163933,4,80.0
13.05,1.9681259864748681,3.96503894570699,3.1987596401852967,5.5100278458596925,3.6796036135456633,4.169699983318148,3,100.0
13.06,1.5680338293983815,5.350319738167171,1.8069844466823317,3.1129540114132257,4.605886016933349,5.761654917757638,6,75.0
13.09,2.67,4.77,3.47,7.0,2.68,3.61,1,100.0
13.10,2.526972036894591,3.8529320746017577,3.72513561569732,6.571281381743979,1.979918970676515,3.675444736860125,9,100.0
13.11,1.3544881926804027,3.118860429014959,2.958599115627058,6.664989180543794,3.8985748894533825,4.195177815410669,2,100.0
13.12,2.6148872874812312,3.298613989325468,3.8420650119299395,6.867640511150659,2.8061748181977055,3.637020421774191,11,84.61538461538461
13.13,2.97858249027962,3.550126142493839,3.6064081462888735,6.688895528935589,2.8045545593186314,3.649469978045081,29,96.66666666666667
13.14,2.692147980564752,3.2158078691570005,3.8970424528173777,7.0,2.6715817619372237,3.66954483605244,6,100.0
13.15,2.182228606382534,3.131892226776528,2.3701996110251367,6.619101698105316,2.8013719728972353,4.684776234890627,4,66.66666666666667
13.99,2.67,4.77,3.47,7.0,2.68,3.61,1,50.0
14.01,4.500702680798005,5.311953927680798,2.3906288341645885,2.511970417705736,3.9777677057356615,4.055877213216957,3,100.0
14.02,4.40766986949663,5.33291409723218,2.3513870643912234,2.5379067833070414,4.17402925570056,4.06278904345332,5,100.0
14.03,3.7959032270868893,5.237367919660222,2.498123685150637,3.033761759218831,4.967597745405471,3.884705275274878,3,100.0
14.04,4.476893043499463,5.307907746513216,2.437091003852531,2.606657898907637,3.944016507363699,4.03684473446796,4,100.0
14.05,3.9103608834662453,5.352386534857225,2.4688460549042666,2.9949145566131348,4.732749623314102,3.933236558744625,3,100.0
14.06,4.112788818817112,5.312090676666097,2.4547567751832284,2.7733028805181523,4.541069711948186,3.948263507755241,4,100.0
14.07,4.628193946163045,5.402978462961709,2.3496937261671063,2.4404741476567615,3.7747190821092538,4.0990044055596915,5,100.0
14.08,5.130790360931595,5.29964373247165,2.2110344622606997,2.1703206163882456,3.434261858309962,4.291219317766125,7,100.0
14.09,3.7354237854978156,5.8111483373107955,2.2760791790188195,1.950268416749932,2.2896527221529492,5.40899150694886,7,100.0
14.10,5.182482817558101,5.429179138280911,2.1981894266077213,2.056309172223028,3.0529444484707935,4.399687228221481,7,100.0
14.11,5.1383397914970335,5.343105237776744,2.283350048224187,2.0247097885405765,3.237921246752743,4.16461279491877,4,100.0
14.12,4.2145180870651044,5.485819253582053,2.328691530806623,2.606136677114989,3.9845458802392923,4.152571171231436,5,100.0
14.13,4.500702680798005,5.311953927680798,2.3906288341645885,2.511970417705736,3.9777677057356615,4.055877213216957,3,100.0
14.14,4.100739515766488,5.349682422451993,2.3415201335816582,2.9022037762507225,4.581498619228053,4.022741635090873,4,100.0
14.18,3.532235915135519,4.343741143031163,1.8868795046188207,2.349470307582987,4.700693939701555,5.034408892498224,4,100.0
14.19,4.511338456689859,4.807062999507059,1.992939667224256,1.9352872392866092,3.7245960710158634,4.76112673438548,5,100.0
14.20,3.9521555197421434,5.279482455497765,2.5035121969086513,2.903859790491539,4.741455937293972,3.904200791150831,3,100.0
14.21,3.8374114854875105,5.239512489300442,2.4751638004824525,3.010839623375613,4.926556688195473,3.905349778227375,3,100.0
14.22,3.840795933356527,5.245951911554369,2.504101047585914,2.9846843712551707,4.929144922494106,3.8993258340098187,3,100.0
14.23,3.8403362391033626,5.297590475112267,2.475150383033322,2.97840597758406,4.848855805879468,3.918545605494547,3,100.0
14.24,4.500702680798005,5.311953927680798,2.3906288341645885,2.511970417705736,3.9777677057356615,4.055877213216957,3,100.0
14.25,3.8890082460441278,5.237326350196864,2.459310229552039,2.953553970730258,4.84835784859966,3.916093158012034,3,100.0
14.27,4.537647702205882,5.308387745098038,2.175721124387255,2.093625811887255,3.3614066482843143,4.552634788602941,5,100.0
14.28,3.9521555197421434,5.279482455497765,2.5035121969086513,2.903859790491539,4.741455937293972,3.904200791150831,3,100.0
14.32,4.112788818817112,5.312090676666097,2.4547567751832284,2.7733028805181523,4.541069711948186,3.948263507755241,4,100.0
14.33,4.640976366374983,4.7891894225054825,1.9856190570117016,2.063474534807468,3.7304187245117535,4.759973423058795,5,100.0
14.34,4.500702680798005,5.311953927680798,2.3906288341645885,2.511970417705736,3.9777677057356615,4.055877213216957,3,100.0
14.35,4.5003617572606975,4.781340035055778,1.8936673713756398,2.1309452183599644,4.075961508516398,4.625872631339386,4,100.0
14.36,4.309453649717746,4.833633544851456,1.956041387675636,2.0038130562651943,3.685932954592279,4.866198326568874,5,100.0
14.37,2.7874186582977925,5.956604436576272,2.261607521257477,3.05372066199941,3.5023863362034278,4.8355033395026945,3,100.0
14.38,4.603372619787093,5.2802620108381335,2.358650293443571,2.3978969252682765,3.6598733052027344,4.231367538072696,5,100.0
14.39,4.526922959021017,5.316404161659759,2.3766722968830467,2.500814031194056,3.9573836966917635,4.0655751097432375,4,100.0
14.40,4.586074751382527,5.333090511000878,2.3621298329100706,2.43997991479363,3.875098734958347,4.0792370885054465,4,100.0
14.41,5.328230420398151,5.366128068374119,2.248167964367882,1.9590818597531994,3.066066187515449,4.221771485749054,5,100.0
14.42,4.500702680798005,5.311953927680798,2.3906288341645885,2.511970417705736,3.9777677057356615,4.055877213216957,3,100.0
14.43,4.586074751382527,5.333090511000878,2.3621298329100706,2.43997991479363,3.875098734958347,4.0792370885054465,4,100.0
14.44,4.586074751382527,5.333090511000878,2.3621298329100706,2.43997991479363,3.875098734958347,4.0792370885054465,4,100.0
14.45,4.549260216147188,5.386294577401504,2.3761215591448703,2.508766819987703,3.8672545286856175,4.0778024937331505,4,100.0
14.47,5.066998459804657,5.3793337716003,2.2500770285499625,2.2085817242674683,3.3142573253193093,4.31150888429752,5,100.0
14.48,4.500702680798005,5.311953927680798,2.3906288341645885,2.511970417705736,3.9777677057356615,4.055877213216957,3,100.0
14.99,4.574283803215312,5.3173205530149446,2.3284693378435715,2.511588886662581,3.898796732827307,4.084291788458818,4,100.0
15.00,6.171069690265488,5.0202857142857145,1.7246073008849558,1.4371268963337547,1.5775218078381796,5.050012484197219,6,100.0
15.01,5.913099030030921,4.624127874962938,3.1559070693379643,1.4545131094074293,1.5090918717438264,5.022740056758016,3,100.0
15.02,5.654312150337111,5.262351169129251,2.7190704346578682,1.5913197532635202,1.9956505522880503,5.183011045761009,2,100.0
15.03,6.2776121093450055,4.394423135990171,1.781348383628964,1.4895991706979956,1.3698986408661598,5.005313291868233,9,100.0
15.04,6.528311564727394,4.660022577154159,1.4749714520282122,1.5953367914318766,1.1846247714296376,5.009786543269769,6,85.71428571428571
15.05,6.823821416675115,3.1301837101189007,1.0651844342423495,1.4899632145288129,1.2684380657214442,4.46493692884763,6,100.0
15.06,6.710713464002796,3.0996024580615096,1.4066987272833178,1.2048010106011182,1.514657939189189,4.175957813956198,5,100.0
15.07,5.529278110326535,3.8946802752786835,1.0876354588575456,1.474569518620739,1.7741352736657228,5.227617417589639,5,100.0
15.08,6.909405240214434,3.74387421891895,1.1687213603614883,1.38242348535722,1.5182644350607222,4.402121979535392,7,100.0
15.09,6.715516585911294,3.7260600074543415,1.1018896757361163,1.2496548639582559,1.429454342154305,4.746081252329482,4,100.0
15.10,4.203586088668073,3.3959791425260724,1.614262131144939,2.0306620740011745,4.985801996857093,5.417835679931428,3,100.0
15.11,6.065823791490311,4.7202773446201824,1.7538240142570731,1.2796870126977056,1.240184673646692,5.184124526620629,5,83.33333333333333
15.12,3.825263620635197,5.891541582006666,2.2501038548389376,1.7725983509567562,1.8022454896451587,5.594628258133254,5,100.0
15.13,5.648335398595622,4.03308137133416,4.109772821148287,1.442779843040066,1.533684427922346,4.956187525815778,3,75.0
15.14,6.638633522727273,4.568618607954544,1.1555355113636363,1.2565816761363637,1.076151278409091,5.033823863636363,2,100.0
15.15,4.744058590843676,4.668988713568176,1.9029014451730166,2.0821066000139017,3.753423909265738,4.689875759787452,9,90.0
15.16,5.7025,5.4475,2.2087499999999998,1.63125,2.3049999999999997,4.33875,1,100.0
15.17,6.505419593444018,3.7704509897828857,1.847775117071094,1.3150148999574285,1.7612877820349084,4.588149212430822,6,100.0
16.01,2.6874076694836893,3.360470236324309,3.764623400850735,6.693196529514405,2.8352386963968383,3.690974727209862,5,100.0
16.02,1.9524902723735404,3.567782101167315,4.217509727626459,4.479844357976654,2.0761089494163425,4.432101167315175,2,100.0
16.03,2.6794818973558723,3.2145461044225723,3.7990766038689876,6.8362548057224055,2.8464683062062472,3.6634153974909993,3,100.0
16.04,2.6794818973558723,3.2145461044225723,3.7990766038689876,6.8362548057224055,2.8464683062062472,3.6634153974909993,3,100.0
16.05,2.6794818973558723,3.2145461044225723,3.7990766038689876,6.8362548057224055,2.8464683062062472,3.6634153974909993,3,100.0
16.06,1.9524902723735404,3.567782101167315,4.217509727626459,4.479844357976654,2.0761089494163425,4.432101167315175,2,100.0
16.07,1.9524902723735404,3.567782101167315,4.217509727626459,4.479844357976654,2.0761089494163425,4.432101167315175,2,100.0
16.08,1.9524902723735404,3.567782101167315,4.217509727626459,4.479844357976654,2.0761089494163425,4.432101167315175,2,100.0
16.09,2.6794818973558723,3.2145461044225723,3.7990766038689876,6.8362548057224055,2.8464683062062472,3.6634153974909993,3,100.0
16.10,2.6794818973558723,3.2145461044225723,3.7990766038689876,6.8362548057224055,2.8464683062062472,3.6634153974909993,3,100.0
16.11,2.6794818973558723,3.2145461044225723,3.7990766038689876,6.8362548057224055,2.8464683062062472,3.6634153974909993,3,100.0
16.12,2.6794818973558723,3.2145461044225723,3.7990766038689876,6.8362548057224055,2.8464683062062472,3.6634153974909993,3,100.0
16.13,1.9524902723735404,3.567782101167315,4.217509727626459,4.479844357976654,2.0761089494163425,4.432101167315175,2,100.0
16.14,2.6794818973558723,3.2145461044225723,3.7990766038689876,6.8362548057224055,2.8464683062062472,3.6634153974909993,3,100.0
16.15,1.9524902723735404,3.567782101167315,4.217509727626459,4.479844357976654,2.0761089494163425,4.432101167315175,2,100.0
16.16,2.6794818973558723,3.2145461044225723,3.7990766038689876,6.8362548057224055,2.8464683062062472,3.6634153974909993,3,75.0
16.18,1.9524902723735404,3.567782101167315,4.217509727626459,4.479844357976654,2.0761089494163425,4.432101167315175,2,100.0
16.99,2.6794818973558723,3.2145461044225723,3.7990766038689876,6.8362548057224055,2.8464683062062472,3.6634153974909993,3,100.0
19.01,2.7421111448918865,3.2043253825672773,3.7554967155873706,6.979488129128548,2.9053104299678467,3.6053539150382794,3,100.0
19.02,1.7192825168164774,2.43759524376451,2.166279242812072,3.2278785939639265,6.384283350199416,5.015374099648789,9,100.0
19.04,1.1250855771606028,3.3212333697992027,1.7290616508451848,4.124711155026997,5.736150968698168,5.5012270176800655,3,100.0
19.05,4.764400633452316,1.7200343874113917,1.5345713639334368,3.456663214519129,5.416006686441104,4.610289879845156,6,100.0
19.06,2.7959255227088744,2.5796057002484436,2.6807694777098514,3.671063981241102,5.632876085196661,4.845277614940121,5,100.0
19.07,2.4973825157912946,2.5797271558101804,3.155360681118801,6.297093619521087,2.9130190813186454,3.8369557253563853,9,90.0
19.09,1.3015174422407438,3.7473616125924254,2.966000921590574,2.687186988081791,5.7764804279590285,4.577798170194409,9,100.0
19.10,2.93,4.85,3.48,7.0,2.79,3.37,1,50.0
22.00,1.7400000000000002,5.04,2.24,3.1200000000000006,3.92,5.28,1,50.0
22.01,1.197704213860626,4.368705485697831,2.4009412795162217,3.5734621568439238,5.415423305816855,4.574631407179881,6,100.0
22.02,1.158170138212965,4.408701576795795,2.429293361884368,3.5681759781973916,5.450229706054118,4.56425734864707,2,100.0
22.03,1.7347491822870804,4.1267889042646875,2.1714034784249594,3.09890520820229,3.8102295886275006,5.6988850798842625,5,83.33333333333333
23.01,2.700568720379147,3.2701798134161035,3.7910537329968603,6.978221913496118,2.869157822543063,3.6152820300890713,3,100.0
23.13,1.6993337380482623,3.57707884352709,5.101429655486418,3.4926282440431025,3.208806343906511,4.290023903475491,5,83.33333333333333
23.14,1.4101276679647063,3.5735653374081924,5.379165475427614,3.93133435204811,3.590595455217627,3.960533839404545,3,100.0
23.99,2.28,4.78,4.19,7.0,2.43,3.49,1,100.0
24.01,,,,,,,0,0.0
25.01,3.0688619136217206,3.516357735972574,1.5086690095956727,2.8340293641359584,5.363637138870225,5.494965071407653,4,100.0
25.03,3.08,2.7,1.59,4.07,1.8800000000000001,6.52,1,100.0
26.01,3.2272878280201254,4.143158258076182,3.258565088127985,5.763806831115509,2.7624838210422187,3.854975316718256,9,90.0
26.02,4.299923724423724,6.338863668738669,2.2141175375550373,3.082700142450143,2.4126341783216785,4.287355817793317,8,100.0
26.03,3.7592853939735855,6.1977720638227085,2.422676336993158,3.5258687381562006,3.0875683504751987,4.270026363754719,4,100.0
26.04,3.933794510554103,6.102624341506005,2.474046063910148,4.337602517903981,2.2897547456729144,4.025152962936501,10,100.0
26.05,3.0922684171003905,5.026883101582122,2.007656263756182,4.394929412983246,3.9073281092208503,4.549898994018488,10,100.0
26.07,4.163855259442671,6.005785549836016,2.1298772018418366,3.186239112964532,2.679073678894898,4.620212337916205,5,100.0
26.08,4.133574313259083,6.313081867964935,2.2255490036976933,3.263887987313726,2.533089333748305,4.329386379298846,6,100.0
26.09,3.7310972066575356,6.132155735068277,2.634818840015772,4.700022309384469,2.4508648907358985,3.8449848633420496,7,100.0
26.10,3.9785937017827595,5.9321738516163816,2.292441702451992,4.179065649805737,2.617197116725224,4.123651999330767,10,100.0
26.11,3.233298298977938,5.749688006391281,2.2381595930311504,3.3311478730434625,2.6907353197450727,4.933044033975177,13,100.0
26.12,3.5519531091677186,6.158006905797441,2.446949952454442,3.669943101217478,3.1945114109339197,4.336791727072908,3,100.0
26.13,3.851774856275084,6.0501301876559275,2.4780226597244823,4.372109122464475,2.375610901399284,4.068228929384966,12,92.3076923076923
26.14,3.779226961321221,6.43635064321457,2.4323127805339,3.7306079934712115,2.9235023516526,3.9188857032407705,3,100.0
26.15,4.153027274899922,6.316645045408377,2.224648925285296,3.2466957190655434,2.531540766714465,4.3328418511381965,5,100.0
26.99,3.5519531091677186,6.158006905797441,2.446949952454442,3.669943101217478,3.1945114109339197,4.336791727072908,3,75.0
27.01,2.556840665170146,3.9873887716241723,3.3071928166984956,5.8281049575055,2.9848884868384316,4.091676751432304,7,100.0
27.03,1.8041844370871458,5.6337415520931735,1.8944042257821367,2.451470468503023,3.9563568093706962,5.425013810836855,12,100.0
27.05,2.068498407984457,5.923055857213567,2.071115445136411,2.8158694030126403,3.2294473378988346,5.374407925356264,7,100.0
27.06,1.6016365947074345,5.5997274782992905,1.775569406280485,2.8200503640159162,4.285052188439361,5.824687800192122,7,100.0
27.99,2.1014178268933277,5.966090698529097,2.1125622419937953,2.8665276104031525,3.3012290283155132,5.330472039178482,5,100.0
28.05,,,,,,,0,0.0
28.06,,,,,,,0,0.0
29.02,3.6362057749990964,3.4495388674063094,1.3756405623215642,3.056286003397058,5.325876549456109,5.177628202811608,3,42.857142857142854
29.03,6.705,4.574999999999999,1.17,1.2,1.0,5.01,1,50.0
29.04,6.67602082482646,4.640973866884442,1.1490363413638218,1.1753368721927318,1.05425888117599,5.046994691710902,2,22.22222222222222
30.01,2.746619539064209,3.419235021575295,3.6172721668754595,6.663311062061285,3.0358217502833624,3.6779108751416807,2,66.66666666666667
30.05,3.156937318759759,5.251095248717377,2.0520789649788087,2.1948159714476914,3.401240240910105,4.775322328797681,2,66.66666666666667
30.06,3.2283333333333335,3.466666666666667,1.2433333333333334,2.558333333333333,5.97,5.428333333333334,1,50.0
30.08,3.1761903092401442,5.5706114683747945,2.092443462495736,2.1279066383663294,2.8866209628852872,5.655563606271558,9,100.0
30.10,3.584830934018852,6.266333847472151,2.5448916023993142,3.893039931448157,2.8795233933161954,3.943078149100257,5,100.0
30.11,3.6225826190585315,5.994550350643992,2.734671815556676,5.227080258514003,2.1961362698812854,3.6835616720905717,4,100.0
30.12,3.3156435972062983,3.4544966968631745,1.3427006975855393,2.7351754673319135,5.790806486159583,5.389582918603822,5,83.33333333333333
30.13,2.7526608695652173,5.397713043478261,3.9158695652173914,6.440773913043477,2.5658695652173913,3.6438608695652177,2,100.0
30.14,3.8500771604938273,3.621947530864197,3.0249598765432104,3.1568641975308647,2.462728395061728,5.178083333333333,3,75.0
30.15,2.923333333333334,5.8566666666666665,1.9933333333333336,3.083333333333334,4.4799999999999995,4.3999999999999995,1,50.0
30.16,2.3608735306514306,4.522645959193869,1.7230326534913132,2.2488313377771534,3.7571806459669994,6.043119207813631,7,100.0
30.17,1.674004156403941,3.6596379310344824,2.533082512315271,4.9367758620689655,5.182898091133005,4.298888392857143,5,71.42857142857143
30.18,3.277565276090185,5.899345213986769,1.9817491562035914,2.7516600513028218,3.9239594977723775,4.474992304576751,2,50.0
30.19,3.3841669627208564,5.491825381317796,2.673520868859836,5.387829034626498,2.7039419763393493,3.8161840539292315,8,88.88888888888889
30.20,1.0,6.71,3.87,3.42,3.61,3.52,1,50.0
30.21,3.2688594297148574,5.52241787560447,2.740948807737202,3.555194263798566,2.9198065699516422,4.399744872436218,3,75.0
30.22,3.1107956448911223,5.682351340033501,3.9093195142378554,6.1213421273031825,2.501074120603015,3.381289782244556,5,100.0
30.23,3.46247520661157,5.531514462809917,2.4421673553719008,2.978570247933884,3.1069380165289253,4.435471074380165,2,100.0
30.25,2.53155816022591,3.6328721519477005,3.6282138408572195,6.08303547251557,3.6471050249506787,3.3930212370894743,3,50.0
30.26,3.46247520661157,5.531514462809917,2.4421673553719008,2.978570247933884,3.1069380165289253,4.435471074380165,2,66.66666666666667
30.27,3.5710423507294524,6.099576685852616,2.439509052162604,3.397180180528193,3.137954475219222,4.377190771429675,5,83.33333333333333
30.28,1.7619844094221317,4.2208473140145735,2.638659549228944,5.347876631079479,4.485763429927131,4.094900864260295,4,100.0
30.29,2.39,5.319999999999999,3.7,3.22,2.35,4.87,1,50.0
30.30,2.7888138661128297,5.393119478758771,2.019059883607728,2.3099857574511966,3.1259552964253006,5.620749626809165,6,85.71428571428571
30.31,2.914980612991262,4.776292559006505,2.04348863913423,2.32182961454065,4.126202348462803,5.641564016453397,5,100.0
30.32,3.957737328737426,6.47067659556018,2.2441932503035034,2.556871450095387,3.1838224343132153,4.383301899063476,6,85.71428571428571
30.33,3.828425021701389,5.8966211430713384,2.1885032946654035,2.7398701122553657,3.611339074337121,4.313474269057765,7,87.5
30.34,5.214019640992118,3.6966221100166057,1.7444168188204885,3.401402820668876,2.411602912336857,3.6514552667763676,6,85.71428571428571
30.35,3.1812018066552388,5.872408510869861,2.1719739885179443,3.3578192256414443,4.126468043425026,4.320620357521834,4,100.0
30.36,2.709749291685614,3.294043250900696,3.7925855224037215,6.999200391759068,2.8765081849662457,3.597949735912414,3,100.0
30.37,3.750123213405619,4.016252669623788,4.595242319697717,3.1101363561688844,3.875797601445704,3.8230491210777067,3,100.0
30.38,2.8284218471250173,3.5241694250034308,3.5868534650747907,6.554094222588171,2.9992667764512144,3.6891003705228487,6,100.0
30.39,3.1838143972353734,5.229538919355787,1.9522136619010315,2.151119279198936,3.4279105935006924,5.6366484381370565,7,100.0
30.40,3.0893211115514596,3.709035467883731,1.6542119976306449,2.820969006618001,5.340800552281356,5.224904394812987,7,100.0
30.41,2.9384320945477267,3.7163390351552734,2.923607356139529,5.399007127482242,3.290814531166537,4.230076001307549,10,100.0
30.42,3.3333321966306237,3.749055447410923,1.3822422408199413,2.550290096004016,5.607246763949473,5.316790472536789,5,83.33333333333333
30.43,3.5809198592366855,6.02223643157742,2.514409193150486,4.020533485705994,3.3490574662603394,4.1152410753156285,4,80.0
30.44,3.9152862070884105,5.9820848494964665,2.0866931508373674,2.74224572970567,3.471441161742614,4.354322567184109,8,100.0
30.45,2.873819168579332,3.343235474782251,2.911083965983992,5.342488395274247,3.9312731726694916,4.27359494541549,7,100.0
30.46,3.1470475183286264,3.818819471403774,1.4699249898484177,2.7492521742234595,5.480659161189274,5.297324087584727,7,100.0
30.47,3.150318705929698,3.7550605392542824,1.63667703357654,3.031030217136458,5.389920214161986,5.158471427571606,6,100.0
30.48,3.3185220285895283,6.001350230964539,2.3910335516112062,2.075563464417682,2.0437909943153656,5.561175524648261,4,100.0
30.49,2.738943824741232,6.142757712792684,2.1741617927846453,3.0710017083710186,3.7456171239071447,4.554413023816701,6,100.0
30.50,3.080724047578654,5.890798884050596,2.4416316989952684,4.08309129295557,3.418371317084205,4.396152236611434,6,100.0
30.51,3.1434527589017534,3.803794238571937,1.4873836703998413,2.8070394437614548,5.570870428662136,5.224646609295561,7,100.0
30.52,3.1308500501388643,3.615997162648626,1.5735664212866045,3.0197834093503206,5.553770119085578,5.234332506157608,5,83.33333333333333
30.53,1.6190061675882603,3.2737886005954917,2.5271473840918763,6.174058911101659,4.647390684814972,3.6558789876648237,5,62.5
30.70,3.162576213582294,5.6775720646344645,2.105588975962598,2.0205851762730767,2.8562592568505814,5.6745072386795155,7,87.5
30.71,1.3276920847023812,4.469549191235323,2.0234657809780763,2.713345354240808,5.227852541556227,5.4885006119285,8,88.88888888888889
31.01,3.19,4.69,3.36,7.0,2.55,3.67,1,100.0
31.03,3.2526144723247694,2.2276013454056818,1.4125361352610994,2.9913899109067303,5.913520043397512,4.947891431683082,5,100.0
31.05,4.726956528373285,2.5651641057723116,2.3343625738132663,5.399273234966508,4.232645986236783,3.309457863496956,7,100.0
31.06,3.553946878028176,1.76088180485502,2.7593800780182374,4.7846746341342214,5.084320322011578,3.7506199219817624,2,100.0
38.00,2.46,5.14,3.76,7.0,2.77,3.48,1,100.0
38.01,2.8392221900627117,5.785845248432224,2.563360540279788,4.419222190062712,3.512586975397974,4.291458176555715,4,100.0
38.02,2.668977378370003,5.200213820886272,3.7883359157111864,6.971664084288813,2.8514657576696623,3.3206104741245737,2,100.0
38.99,2.46,5.14,3.76,7.0,2.77,3.48,1,100.0
39.02,1.7193002364066192,3.907191489361702,3.5672151300236408,7.0,4.489843971631206,3.317654846335697,2,100.0
39.03,1.7193002364066192,3.907191489361702,3.5672151300236408,7.0,4.489843971631206,3.317654846335697,2,66.66666666666667
39.04,1.7193002364066192,3.907191489361702,3.5672151300236408,7.0,4.489843971631206,3.317654846335697,2,100.0
39.05,1.7984532308255536,3.53993410214168,4.341995240710233,6.106227347611203,4.564360241625481,3.1624510342302763,3,75.0
39.06,2.1950633552965026,2.9101165737455648,3.5245007602635576,6.197830714647744,3.800309173846934,3.0457982767359355,2,66.66666666666667
39.07,1.9395736202430762,2.8673341303048416,3.4936082885036863,6.369324566646743,4.304781829049611,3.0702131898784617,3,50.0
39.08,2.961321538851555,3.9137936007247918,1.4160916337310543,2.6585889219976644,5.504910917999675,5.373111095872764,4,80.0
40.01,2.746619539064209,3.419235021575295,3.6172721668754595,6.663311062061285,3.0358217502833624,3.6779108751416807,2,100.0
40.02,3.3953220460449702,6.024811654573144,2.3212290602884535,3.4773880229329035,3.706871136791185,4.322480515990325,5,100.0
40.04,3.695394137710141,5.446234699354214,1.9378503782960232,2.6214970827057256,3.4098717083051993,4.8070170882459875,4,100.0
40.05,3.075617010395858,4.489849903419896,2.8163690679719973,4.52296147368642,2.9134558430963224,4.49299787868699,14,100.0
40.06,3.7616578351188417,5.948809852935531,2.2070316399800327,3.3634174250278384,3.3812953576776863,4.3076811427254915,7,100.0
40.08,2.796865727637365,3.511273951591991,3.598162382552372,6.5762881584101605,3.0057532648095733,3.697301256268931,4,100.0
40.10,4.063483195819067,5.5571720082072,2.1396195126818713,2.6051369218008444,3.8254777451402275,4.358383505771857,7,87.5
40.11,3.3953220460449702,6.024811654573144,2.3212290602884535,3.4773880229329035,3.706871136791185,4.322480515990325,5,100.0
40.99,3.277565276090185,5.899345213986769,1.9817491562035914,2.7516600513028218,3.9239594977723775,4.474992304576751,2,66.66666666666667
41.00,4.7505556216537785,4.797127900059488,1.5165591909577634,1.382745984533016,2.0103140987507437,5.575759666864961,3,100.0
41.01,5.6,5.36,1.2,1.9699999999999998,1.31,5.62,1,100.0
41.02,5.668552519214347,3.8259094790777115,1.0,1.965136635354398,2.2393723313407343,5.216729291204099,2,100.0
41.03,5.7972262818734,4.334601794468597,1.249292079055283,1.3811738044584219,1.4657025252058091,5.019545832947923,7,100.0
41.99,5.095008911211926,5.053326312378483,1.4251174659753727,1.5573760531432275,1.799606286454958,5.369696208684381,4,100.0
42.01,2.9243497246493253,3.958558844698872,1.6095475126376757,3.2258986977335873,5.232441749522948,5.115533063004253,6,100.0
42.27,2.8535643389762195,4.459350715437323,2.2196713673921806,4.548796231358323,3.7921488966142687,4.394787963522774,10,90.9090909090909
42.28,1.8163086473419132,3.692940238943104,1.9443460809923938,4.117724345531261,5.0417634719810085,5.0624050992332945,15,93.75
42.99,3.14916541131937,3.6856908272738687,1.4421864287300714,2.9015821238544954,5.644617457052638,5.247918127214964,3,100.0
43.01,4.367343811443164,2.8259519606115884,1.2731839316551214,3.240266276251054,3.9844804158101472,4.940920145275948,19,95.0
43.02,4.377123900029257,3.2925365719172683,1.418685577161119,3.2652857392028447,4.754723938289109,4.612921533544888,6,100.0
43.03,3.3503902863740467,3.175626407737588,1.223691972820018,2.9383759771355025,6.0737682130486625,5.303968390967767,5,55.55555555555556
43.04,2.7114485728367366,3.652890619556258,1.2407335296267028,2.446982312352886,4.243242779208199,5.959708992955533,16,84.21052631578948
44.00,1.1916728792499718,2.6012639783124367,2.1014179212857624,5.881800358232076,4.669925449000339,4.456436559035678,2,66.66666666666667
44.02,1.0,2.2943860696517415,1.7947425728500355,4.999091115849324,5.615080312722104,5.147337882018479,2,66.66666666666667
44.04,2.481186171527005,2.6455727066552166,1.4047675865385405,3.245797110653186,6.710832624013982,5.234553312063231,10,100.0
44.05,2.42283651033166,4.394521602562128,2.062957431301902,5.030345004567899,4.513214875948224,4.610459766575309,8,100.0
44.07,1.6640606244201679,3.5158931783327336,2.6930369956642743,6.4704212658803035,3.5670180055663896,3.5481972660317704,7,77.77777777777777
45.01,2.7549103028850994,3.405373059441591,3.3964427667649315,6.134570403511148,3.2342807997999974,4.009074538970892,10,90.9090909090909
45.02,3.476200756072432,4.26255521212923,1.5560440494373553,2.7683756469310112,5.057545370359235,5.024741568349189,6,100.0
45.03,3.239764642644107,3.5292710093934967,1.2994886423895704,2.606481057543122,5.887064693913343,5.382837351320506,4,100.0
45.04,3.3276789334129706,3.713567808727444,1.3629599916743589,2.5991967566197896,5.442045392843569,5.3563369667517335,5,100.0
45.05,3.2287710260313003,3.6358361628224642,1.339010459352925,2.597957450337587,5.7420732349841925,5.351124380439449,4,100.0
45.06,2.226232783082372,3.8840360942537786,2.760976931344053,4.197164055793745,4.361093574882228,4.553681422873963,9,100.0
45.07,3.475426522585891,3.5596472195435562,1.3549981091761678,2.438790298182918,5.468448437234103,5.431346739274303,5,100.0
45.09,3.174507363807777,3.5487566630994243,1.3322387504459055,2.6793518829944447,5.877132854303623,5.34775594965092,3,100.0
45.10,2.880091430446488,3.4248018509817966,2.8268343326546894,5.292626611778568,3.990727118151106,4.296693383597706,7,100.0
45.11,3.167949306833518,3.6474601889338736,1.3292101091890565,2.647059207459207,5.715321015826278,5.405383241320084,4,80.0
45.12,3.220533504685092,3.597079240340537,1.3708013156663763,2.596171716127253,5.8614044935521505,5.327013260065685,3,75.0
45.13,3.219682351989975,3.5834857396963997,1.354317910779617,2.691145271158005,5.811509762900976,5.335214763608433,5,100.0
45.15,3.243742590937574,3.5468511099468913,1.3166872117271202,2.627774456326337,5.862402231193565,5.370558363380485,5,100.0
45.99,3.2483510242782647,3.584743369014647,1.2857671482396387,2.5141468173765498,5.813363874541507,5.397430446390699,2,66.66666666666667
46.00,5.265000000000001,2.275,1.135,2.33,5.425,4.57,1,100.0
46.01,5.455252731261507,2.224272343427885,1.2431692555314249,2.2112030779746226,4.9474370790109035,4.471739739165904,4,100.0
46.02,5.954007926480562,2.1056478833902994,1.6198574297455812,2.1304892872817227,3.7384385099280495,4.054983974145842,2,100.0
46.03,5.678174098198492,2.3400300530644067,1.1228306046659793,2.221996412074877,4.066723377679417,4.445023681982413,7,100.0
46.04,6.2878521524736755,2.3822661560379133,1.380572131130305,1.8806705025154686,2.654005680175373,4.262200023130746,22,100.0
46.05,5.954548864595865,2.362368470211987,1.1063404045460998,1.9631336257462881,3.8012467402431462,4.23474501042375,7,100.0
47.00,4.656922880783303,2.130461389395311,1.007658120529852,3.119726659612173,5.004068743067686,4.806205107283552,2,100.0
47.01,6.503928045498401,2.974832935560859,1.025786573909511,1.556481617833748,1.6429119484080639,4.895490529629818,12,92.3076923076923
47.02,6.960000000000001,2.82,1.04,1.47,1.2,4.29,1,100.0
47.03,7.0,3.019755588599133,1.0404763273313424,1.0425040922665534,1.1292024141248798,4.279732721888315,9,100.0
47.04,6.330976587763549,3.2547294442288623,1.3021713448023111,1.6041426292415815,1.7300991678523694,4.822767645410254,7,87.5
47.06,6.215182358340177,2.710785293639745,1.128638757020961,1.942069904396362,2.6547985824136737,4.242197961451138,19,100.0
47.07,5.524783554474599,2.4533784445461184,1.0170615101821305,2.3444904118605567,3.602070139106284,4.623786532456795,5,100.0
48.03,6.830884012539185,1.7825297805642633,2.8421598746081504,1.3574294670846394,1.1822884012539185,3.08307210031348,3,100.0
48.05,6.871748631685238,2.550937338642126,1.4336011634978372,1.0712810524262486,1.2285515943592156,4.216836180881459,23,95.83333333333333
48.07,6.999623505976095,2.1791329681274902,1.7797041832669322,1.1597026892430278,1.098707171314741,3.690586155378486,6,85.71428571428571
48.08,7.0,2.31,1.0,1.0,1.0,3.72,1,100.0
49.01,4.06538560346234,2.5639813719221203,1.1575242695689514,2.812548506322183,4.738185346937168,4.977801815553151,7,100.0
49.02,6.753047874906303,1.8920919400813303,1.061760950289669,1.746139300173373,1.6007577516029123,4.111330688234934,26,83.87096774193549
49.03,5.893296504620331,2.841189232623544,1.029853354760948,1.810831659300924,3.909907593411008,4.476697468862997,4,100.0
50.01,3.5567407654650642,3.02415442812639,6.51688518024032,3.266658878504673,3.1489399198931913,3.448987983978638,7,87.5
50.02,3.15221983180129,4.04213866614512,5.738546841384706,6.763081361236065,2.151623313123411,2.612136710346176,2,66.66666666666667
50.03,3.1963888385577093,3.857899981880775,5.823637434317812,6.621696865374163,2.2582777677115424,2.5130041674216343,3,100.0
50.04,3.520843787292255,3.326199755508339,6.187880199086067,3.0190997467764937,3.3310107110632474,3.5966149547399366,11,78.57142857142857
50.05,2.556579307624484,2.68404374912989,5.894557288041209,4.160067520534596,4.127649078843566,3.074771509118753,11,91.66666666666667
50.06,3.1086093057803,2.8431145051330344,5.123662625673131,4.203016950951004,3.7452709764702763,3.498424874658461,6,100.0
50.07,2.983559447334472,3.191532364112678,4.141842646246684,6.337235381565544,2.8699108764863395,3.547542612730023,12,92.3076923076923
50.09,2.778501283877875,3.1884383376397576,4.059757391353345,6.7665438329590355,2.8701487527468545,3.482710471452834,6,100.0
50.10,2.9874635187097303,3.287924378346972,2.4262798151047162,3.2105226733578327,5.5261364065327685,4.835808315476654,5,100.0
50.11,3.124540735934748,4.0046769858188895,5.847712484938364,6.553444248771897,2.143171749003615,2.5849745110760964,2,66.66666666666667
50.99,3.0299999999999994,4.14,5.73,6.989999999999999,2.12,2.61,1,100.0
51.00,1.8240308230060376,4.421601525262154,2.385618048935494,6.35745074674293,3.364381951064506,3.675007149666349,2,100.0
51.01,3.5880991210024313,5.337103796521413,2.7663519730690105,6.797317374228539,2.009705255283336,3.5242225547035724,2,100.0
51.02,3.0201294773650886,5.506541914752859,2.9714615820810883,6.577999952745486,1.7513980247613645,3.7511015026935075,3,100.0
51.04,3.918117479094432,5.446533609160571,2.394869904723056,6.143559045482357,1.9933067218321145,3.5828277148101746,2,100.0
51.05,3.615497616777884,5.43075285986654,2.3906070066730223,6.0943002859866535,2.17677478551001,3.6516372735938982,6,85.71428571428571
51.06,4.441956906798425,4.336863099261193,1.5865788799030458,5.257020998904608,1.6001236394993823,4.581002400540704,4,100.0
51.07,2.634583847261624,3.1520589835069353,1.2061232119623844,3.8431575858577713,4.473361474001915,5.817050020961335,19,100.0
51.08,4.165957711905293,3.845591531563466,1.3467249400082386,4.734052477880679,2.014325100533587,5.443215239670044,10,100.0
51.09,4.963025109350122,4.772392037725029,1.3552625928027184,4.8898840004148285,1.7000004575318899,4.336793189485308,19,100.0
51.10,4.716054288338245,4.563879249036162,1.7185874578237879,4.8130148706239675,1.7565425799275984,4.477603234801859,8,100.0
51.12,4.253778193766281,6.1998158159992665,1.5580104986189474,5.623417680093205,2.4000387480200547,3.7034548572475816,17,94.44444444444444
51.14,3.806789191890641,6.072696128432324,2.219501951964869,5.226317279292787,2.543269961042632,3.651647147017979,5,83.33333333333333
51.15,2.15083008275455,4.270375573719922,2.795926404937764,6.783451260013808,2.58745125467222,3.3879768135024655,17,89.47368421052632
51.17,4.8,5.78,1.6,5.02,2.27,3.92,1,100.0
51.18,4.830056334421612,3.519329108251712,1.2091601049868765,3.828866909928942,2.556031624095769,4.930349529479546,2,100.0
51.20,2.6495082365551577,3.864886634079047,1.6869107014960327,3.5584549882278935,5.205517781611998,4.924805625528471,14,100.0
51.22,2.9235482474333296,4.563742210411297,1.8019389034776954,4.221641533255754,4.078340214372064,4.766436841183581,13,100.0
51.23,3.9153080377213074,4.779828118644431,2.672070136049325,5.580124636060028,2.330010222431547,3.398773268073901,10,90.9090909090909
51.26,4.54953311311225,2.844091772039452,1.076783524281849,5.636493091335489,1.7453534154995711,4.272928625272209,7,100.0
51.27,3.2392037755956453,5.108902717515415,1.9750159853847908,2.164212910101241,3.0262460988049025,5.670736850117987,4,80.0
51.31,3.249310927525347,4.420423394667668,2.439363499812242,5.373474464889223,3.181007322568532,3.482148892226812,2,100.0
51.32,2.3107523772662764,4.260748051514391,2.2966187798344073,5.467571659495024,4.386301558029581,4.4159600513019,15,88.23529411764706
51.33,4.3641314892501315,4.676434845306765,1.9025045883586784,5.67714079706345,2.183714604090194,3.349161641321447,3,100.0
51.34,4.705,5.8149999999999995,1.845,5.25,1.725,3.5350000000000006,1,100.0
51.35,3.732864685658153,4.946498035363457,2.772989931237721,6.631477161100197,2.0224300098231827,3.2664562868369353,2,100.0
51.36,4.325983425614302,3.8830760322802442,2.7446585604168927,6.1871468895885355,2.8399138710961527,3.2053316686570406,3,100.0
51.37,4.309904923349057,4.5752188974056605,1.8804223172169812,5.680517393867924,2.256334758254717,3.3851363502358494,2,100.0
51.38,3.088184938854323,5.047498997229555,1.8046763476768375,5.646201729429214,2.8467597781778498,4.097120318461236,6,100.0
51.39,4.58,3.017303375790505,1.0156475460942371,5.637409815623052,1.8826623318785072,4.346403313440812,2,100.0
52.01,2.240940696910626,2.9095243176426915,1.429424765191187,3.191243891947538,6.354588705844287,5.432297882444369,17,100.0
52.02,2.2649858843107435,2.803403339407491,1.40586685471436,3.297296581997666,6.176447442951894,5.4254936056152605,42,97.67441860465117
52.03,1.3765093248323181,3.026281352395349,1.2104587141740384,2.153883808181229,4.165817333227715,6.583577491168432,15,100.0
52.04,2.2569207112853094,1.8553261985269904,1.1136325106218927,3.3817976499313294,4.580708779426057,6.353101592681536,18,100.0
52.05,1.2754392211268124,2.988164540644068,4.294701231415207,3.981471068495169,5.117631704951443,3.986199555561012,10,100.0
52.06,1.4175537394548996,5.44446341661259,1.648239982154445,2.831789219662557,4.771289544127191,5.949162070084362,5,100.0
52.07,2.3156882183653726,2.6395454568921775,1.367951323739394,3.3317020539054294,6.788567790384819,5.292869788532116,5,100.0
52.08,1.8003882122879973,2.708698557157896,1.3613692023077948,3.2241956760047086,6.221583603297294,5.599223738577176,21,100.0
52.09,2.8919798336398963,3.420372232647118,1.7525075067990354,2.996073143921505,5.477560828361848,5.228869770529954,12,100.0
52.10,1.5370860243208595,3.0797539800187987,1.9449340184289396,4.453092710105664,4.923575982082222,5.058713004680779,12,92.3076923076923
52.11,2.260221423220974,2.8595646741573035,1.5090168888888889,3.254829013732834,6.480304799001249,5.275018207240949,4,100.0
52.12,2.7933753865904185,4.67339627706133,1.713347377020482,2.423131469918889,4.417440683900332,5.877548579097859,4,100.0
52.13,1.9916710280905368,3.337657074625168,1.479409690088533,3.251455859361235,6.166963342402375,5.455519021804647,12,100.0
52.14,1.272926607907237,3.168946439214694,2.5560310744667403,3.0793363826828255,6.076294950060506,4.814759423483302,9,100.0
52.15,2.815492351424654,1.828271451776347,1.7079222177515498,3.468247999374106,6.577881944444444,5.192575349457559,5,100.0
52.16,1.1962150344794749,3.4817656286911225,1.0707256774269163,2.183357483514129,3.8938078867259063,6.962655710065981,5,100.0
52.17,1.2665913603836498,3.0518102566773675,1.2500313799024243,3.501498157321688,5.268589348195381,5.652625211202095,8,100.0
52.18,2.37111194614282,1.8711755884608228,1.4560197113356308,3.3277885643805147,6.309211669141658,5.104245323428209,12,92.3076923076923
52.19,2.2928189286848557,2.28935196284072,1.8156926751181064,2.965210917842393,6.11792775934494,5.01059139690517,11,91.66666666666667
52.20,2.28568528201522,2.973857561600535,1.6943389474123947,3.261832454900541,6.021121585774263,5.266755275818613,3,100.0
52.21,2.8937120448261737,4.036442584864789,1.468864576970161,2.6923171392893854,5.422825211778646,5.571778180114274,3,100.0
54.01,2.929351540038639,3.4633261479381288,2.8052286305289145,5.206756323694437,4.015518539448787,4.297498330009483,9,100.0
60.01,5.273225366792271,5.50565862262487,1.1902325022047622,4.397145033271867,1.9810823378497555,3.7382353884390285,4,80.0
60.03,5.98,5.98,1.0,3.45,1.7,3.4700000000000006,1,100.0
60.07,3.5599999999999996,5.54,1.38,5.52,2.07,4.06,1,100.0
60.08,2.82,5.67,1.48,4.88,2.62,4.56,1,100.0
60.09,4.2,4.78,1.08,5.395,1.935,4.779999999999999,1,100.0
61.01,3.9960181310362337,6.143064690559259,2.0053359602019993,5.637964490252687,2.283996257182354,3.64743776860359,12,92.3076923076923
61.02,3.4305143795869597,5.6651256613756615,2.289523596176822,5.535221667520055,2.848076036866359,3.845971368834272,7,87.5
61.03,3.9499680629615894,6.088613305198323,2.252510764492857,5.552753428954348,2.2675673671903964,3.544375374262169,3,100.0
61.04,3.822242060246313,6.032832371293028,2.609000257063401,5.473556355308359,2.1239368091421094,3.6023895211609918,3,100.0
61.05,3.737235106643785,6.101973032606031,2.7023868595243936,5.421963716597205,2.066041676881589,3.631347879382201,4,100.0
61.06,3.7077046753186664,5.986707613297245,2.6001420408540956,5.4625134753741875,2.2164876119092236,3.6736467948273077,4,100.0
61.07,3.691313035204567,6.0688211834726795,2.4777486487033626,5.653453651031439,2.139263113144523,3.6709251573982224,3,100.0
61.08,4.013819907383848,6.167685359523688,2.1583514833850694,5.578591420283955,2.253646124879141,3.562079792376978,5,100.0
61.09,3.9499680629615894,6.088613305198323,2.252510764492857,5.552753428954348,2.2675673671903964,3.544375374262169,3,100.0
61.10,3.674901300450754,6.0656950417076825,2.7651572457385627,5.497816175327703,2.0831272991036736,3.5928822340811353,2,66.66666666666667
61.11,3.6832149751092143,6.0839672863964225,2.7517575942294017,5.488471502590674,2.0891288225134614,3.5947815706593516,3,100.0
61.12,3.7523792777279232,6.101039024035312,2.676198248890398,5.392746962237152,2.088666537314157,3.6488096335281703,3,100.0
61.13,3.9676264418811,6.072373558118899,2.230369620674357,5.54991847826087,2.2806017080745344,3.5492208296362024,4,100.0
61.14,3.69695677291337,6.070996910556852,2.732758144324718,5.496665913143948,2.1104076557908225,3.5967488006430055,3,100.0
61.15,3.9737631002386293,6.097374509831284,2.236216385938961,5.537449448080493,2.2696318675951384,3.5521359494271483,5,100.0
61.16,3.9499680629615894,6.088613305198323,2.252510764492857,5.552753428954348,2.2675673671903964,3.544375374262169,3,100.0
61.17,3.93351198701351,6.094487986154898,2.2300517849716255,5.614623351534096,2.283497632112049,3.5469436134104293,5,83.33333333333333
61.18,3.965025098853024,6.103692756386886,2.2377436271348046,5.520443927199305,2.2591693541602402,3.5638268038924257,4,100.0
61.19,3.9645673584241994,6.092252901864228,2.1544568112155167,5.5948032762172755,2.3000010049746247,3.5851972262700365,6,100.0
61.20,3.932078082596663,6.093887739473896,2.231011097079292,5.61550447376199,2.2832909691807513,3.546431469489749,4,100.0
61.21,3.6783602449169397,6.0669274291471815,2.7618609037125066,5.496438628671816,2.0840682563877335,3.5937424755212235,3,75.0
61.22,3.7137740810031854,6.058578146331596,2.7400020225514483,5.484390453557162,2.0844961318703548,3.5851109875107445,3,100.0
61.23,3.9499680629615894,6.088613305198323,2.252510764492857,5.552753428954348,2.2675673671903964,3.544375374262169,3,100.0
61.24,3.591902536390633,6.097345796212452,2.7582055401392336,5.517869139769242,2.0750907940217127,3.593311912759846,3,100.0
61.25,3.9839304904695814,6.107811782813637,2.2206265202633064,5.491234625585774,2.2640423543639288,3.577817279810903,4,100.0
61.26,3.74177499066488,6.1084899070881,2.6010677180574167,5.510439739055944,2.1312550794034313,3.642316647264261,4,100.0
61.27,3.6783602449169397,6.0669274291471815,2.7618609037125066,5.496438628671816,2.0840682563877335,3.5937424755212235,3,75.0
61.28,3.6783602449169397,6.0669274291471815,2.7618609037125066,5.496438628671816,2.0840682563877335,3.5937424755212235,3,75.0
61.99,3.9499680629615894,6.088613305198323,2.252510764492857,5.552753428954348,2.2675673671903964,3.544375374262169,3,75.0
99.99,4.905355592068043,1.2951815896131318,1.4386271941091735,2.6547139514836995,3.0851265174202545,4.988987629568566,152,84.44444444444444
