soc_code,hours_per_week,time_pressure,decision_autonomy,decision_frequency,precision_required,physical_standing,physical_sitting,outdoor_work,indoor_climate_controlled,teamwork_required,customer_facing,phone_use,email_use,elements_with_data,avg_sample_size
11-1011,2.809375,3.873125,4.701428571428572,4.195714285714287,4.06921875,2.204285714285714,4.055714285714285,2.165396825396825,4.78625,4.542903225806452,4.1275,4.841612903225807,4.98265625,13,63.30769230769231
11-1021,2.7,4.08,4.81,4.92,4.24,2.9,3.0899999999999994,2.93,4.39,4.62,4.49,4.76,4.86,13,21.923076923076923
11-2011,2.48,4.4,4.04,4.31,4.3,2.11,4.33,2.46,4.62,4.47,4.19,4.8,5.0,13,25.23076923076923
11-2021,2.78,4.21,4.42,4.1,3.81,2.09,4.36,1.38,4.53,4.67,4.25,4.92,5.0,13,39.61538461538461
11-2022,2.86,3.8999999999999995,4.24,4.1,3.3800000000000003,2.4,4.1,1.85,4.45,4.65,4.71,5.0,5.0,13,20.53846153846154
11-2033,2.65,3.97,4.38,4.16,4.37,1.9,4.88,1.53,4.84,4.79,4.5,4.49,5.0,13,16.0
11-3012,2.23,3.7,4.12,3.9,4.15,2.49,3.6600000000000006,1.79,4.26,4.57,4.12,4.78,4.96,13,44.53846153846154
11-3013,2.5485185185185184,3.8629629629629627,4.268888888888889,4.198823529411765,4.0746153846153845,2.7586274509803923,3.400377358490566,2.7842307692307693,4.56078431372549,4.4028,3.9337037037037033,4.782448979591837,4.974814814814814,13,52.23076923076923
11-3021,2.63,3.3699999999999997,4.42,3.93,4.04,1.5699999999999998,4.58,1.17,3.8,4.75,3.02,4.48,5.0,13,21.0
11-3031,2.8064473684210527,4.278552631578947,4.355394736842105,4.222763157894737,4.501842105263158,1.7876315789473687,4.618289473684211,1.1871621621621622,4.594473684210526,4.3584,3.206973684210526,4.811466666666667,4.99421052631579,13,75.6923076923077
11-3051,2.785986842105263,4.12578947368421,4.452980132450332,4.404066666666667,4.309868421052631,2.780526315789474,3.3044295302013422,3.085131578947369,4.26953642384106,4.6099337748344364,3.3845695364238413,4.774105960264901,4.950993377483443,13,151.15384615384616
11-3061,2.42,4.16,4.21,3.5799999999999996,4.26,1.84,4.53,1.7400000000000002,4.42,4.53,4.16,4.95,5.0,13,19.0
11-3071,2.85,4.43,4.05,3.6,4.0,2.3,3.95,2.1,4.25,4.6,3.71,5.0,5.0,13,20.46153846153846
11-3111,2.67,3.6199999999999997,4.33,3.8600000000000003,4.1,1.8099999999999998,4.9,1.05,4.38,4.19,3.1000000000000005,4.95,5.0,13,20.76923076923077
11-3121,2.59,3.9100000000000006,4.27,4.14,4.09,2.3,4.23,1.55,4.05,4.5,3.5,4.85,5.0,13,21.692307692307693
11-3131,2.5,3.64,4.36,3.14,3.43,2.25,4.39,1.25,4.39,4.93,2.21,4.71,4.93,13,28.0
11-9013,2.67,3.49,4.55,3.54,3.49,3.42,2.36,4.78,3.49,4.45,3.28,4.12,3.39,13,0.0
11-9021,2.74,4.25,4.2,4.1,4.05,3.6,2.65,3.85,3.7,4.6,3.9,4.89,4.9,13,19.846153846153847
11-9031,2.66,3.9299999999999997,4.38,4.48,4.05,2.53,3.6,2.3,4.03,4.54,3.77,4.9,4.83,13,32.76923076923077
11-9032,2.88,3.46,4.14,3.92,3.47,3.95,2.27,2.41,4.03,4.9,4.14,4.47,4.99,13,22.692307692307693
11-9033,2.64,3.95,4.63,4.47,4.13,2.4,3.81,1.64,4.55,4.46,3.64,4.73,4.93,13,41.46153846153846
11-9041,2.7435714285714283,3.597142857142857,4.48462962962963,3.9835849056603774,4.08,2.382727272727273,3.645,2.21962962962963,4.43,4.648571428571428,3.232857142857143,4.575714285714286,4.955,13,55.38461538461539
11-9051,2.07,4.12,4.19,4.57,4.13,4.46,1.96,2.03,4.73,4.96,4.51,4.62,4.07,13,33.84615384615385
11-9071,2.4199999999999995,3.91,4.27,4.65,4.48,3.46,2.97,1.44,4.78,4.7700000000000005,4.67,4.24,4.46,13,27.692307692307693
11-9072,2.2,3.44,4.37,3.83,3.46,2.59,3.43,3.07,4.6,4.78,4.81,4.1,5.0,13,17.846153846153847
11-9081,2.5899999999999994,4.35,4.52,4.55,4.14,3.12,3.4,1.45,4.11,4.8,4.49,4.92,4.92,13,15.0
11-9111,2.46,3.93,3.89,3.74,4.36,2.25,4.25,1.0,4.93,4.86,4.07,4.93,5.0,13,27.846153846153847
11-9121,2.42828125,3.379375,4.1571875,3.424193548387097,4.3071874999999995,2.3579032258064516,3.9676562499999997,1.8062903225806453,4.591129032258064,4.531166666666667,3.5037499999999997,4.530833333333334,4.939375,13,62.76923076923077
11-9131,2.67,4.92,3.97,4.5,4.17,3.14,3.0900000000000003,2.84,4.660000000000001,4.660000000000001,4.54,4.83,4.88,13,27.615384615384617
11-9141,2.8,3.95,4.25,3.95,3.9,2.35,3.7900000000000005,3.05,3.9,4.15,4.1,4.95,4.95,13,19.923076923076923
11-9151,2.5,3.91,4.35,4.26,4.2,2.46,4.03,1.68,4.59,4.71,4.11,4.98,5.0,13,23.384615384615383
11-9161,2.5,3.45,4.36,3.3300000000000005,3.73,2.73,3.68,2.86,4.23,4.41,4.14,4.76,4.91,13,21.846153846153847
11-9171,2.59,4.39,4.53,4.64,4.56,3.2599999999999993,3.2400000000000007,3.6800000000000006,4.39,4.79,4.72,5.0,4.86,13,20.0
11-9179,2.304883720930232,3.3013636363636363,4.432790697674419,3.819285714285715,3.4227906976744187,3.0934883720930233,3.22,1.6339534883720932,4.478139534883721,4.673023255813954,4.165,4.772093023255814,4.635909090909092,13,43.15384615384615
11-9199,2.5797744360902257,3.8215151515151513,4.220751879699248,3.855037593984963,4.0551908396946565,2.2299236641221376,3.877045454545455,2.3710769230769233,4.411679389312977,4.4832824427480915,3.5166917293233086,4.751297709923664,4.808947368421052,13,131.84615384615384
13-1011,2.29,4.65,4.22,4.59,4.43,1.75,4.6,1.18,3.6899999999999995,4.17,2.9100000000000006,5.0,5.0,13,21.692307692307693
13-1021,2.8,3.81,4.6,4.63,4.39,2.09,4.32,2.2,4.15,4.63,4.17,5.0,4.950000000000001,13,26.0
13-1022,2.83,4.03,4.4,4.45,4.02,2.47,4.0,1.3500000000000003,5.0,4.27,3.83,5.0,5.0,13,23.846153846153847
13-1023,2.5,4.3,4.05,4.05,4.4,2.11,4.45,1.7899999999999998,4.79,4.32,4.15,4.95,5.0,13,19.53846153846154
13-1031,2.17,4.39,4.51,4.86,4.61,1.71,4.62,1.67,4.31,3.87,4.43,5.0,5.0,13,45.69230769230769
13-1032,2.39,4.55,4.45,4.8,4.41,2.26,3.93,4.13,3.8,3.77,4.92,5.0,5.0,13,21.846153846153847
13-1041,2.3048201438848923,3.93863309352518,4.098776978417266,3.876861313868613,4.338285714285714,2.2314598540145982,4.222374100719425,2.4181159420289853,4.279928057553957,4.081857142857143,3.9690000000000007,4.844558823529412,4.913285714285714,13,138.69230769230768
13-1051,2.45,3.77,3.9100000000000006,3.36,3.95,1.8099999999999998,4.59,1.52,4.3,4.14,2.77,4.8,5.0,13,21.46153846153846
13-1071,2.26,3.76,4.36,4.01,4.34,1.94,4.18,1.46,4.87,4.72,3.7099999999999995,5.0,5.0,13,37.76923076923077
13-1074,2.72,4.45,4.81,3.87,4.26,2.9,3.9,4.17,2.79,3.68,2.5899999999999994,4.55,3.0899999999999994,13,14.76923076923077
13-1075,2.52,3.71,4.19,3.74,3.6699999999999995,2.32,4.1,1.42,4.16,4.05,2.9,4.74,4.95,13,20.076923076923077
13-1081,2.608260869565217,4.173478260869564,4.08463768115942,3.6071014492753624,3.987391304347826,2.2610144927536235,4.11735294117647,2.1584057971014494,4.447971014492754,4.403768115942029,3.637971014492754,4.779411764705882,4.915507246376812,13,68.84615384615384
13-1111,2.19,4.0,4.14,3.75,4.1,1.95,4.19,1.75,4.26,4.35,3.6199999999999997,4.89,5.0,13,20.384615384615383
13-1121,2.26,4.57,4.52,4.51,3.96,3.08,3.67,2.32,4.41,4.81,4.7,4.94,4.88,13,24.846153846153847
13-1131,2.81,3.6699999999999995,4.19,3.6699999999999995,3.6199999999999997,2.24,4.05,1.76,3.71,4.4,4.67,4.95,5.0,13,20.923076923076923
13-1141,2.43,3.8600000000000003,3.81,4.0,4.48,2.0,4.71,1.24,4.43,4.14,3.05,4.81,4.95,13,21.0
13-1151,2.39,3.7,4.35,3.05,3.0,2.65,3.8999999999999995,1.48,4.17,4.27,3.13,4.52,5.0,13,22.692307692307693
13-1161,2.52,3.89,4.39,3.3762222222222222,4.085,1.7600000000000002,4.76,1.235,4.1499999999999995,3.8249999999999997,2.83,4.414999999999999,4.955,13,45.92307692307692
13-1199,2.4761956521739132,3.68141304347826,4.159891304347826,3.4350000000000005,3.7973626373626375,2.1465555555555556,4.156739130434782,1.9071910112359551,4.217111111111111,4.192444444444444,3.534347826086956,4.691860465116279,4.979130434782609,13,90.61538461538461
13-2011,2.44,4.19,4.04,3.97,4.71,1.8,4.5,1.27,4.63,4.21,3.77,4.85,4.98,13,0.0
13-2022,2.17,3.87,4.17,3.61,4.43,2.43,3.83,2.39,3.5199999999999996,2.95,3.5899999999999994,4.48,4.73,13,22.76923076923077
13-2023,2.61,4.54,4.46,3.5199999999999996,4.62,2.39,3.7099999999999995,4.09,3.65,2.61,3.17,4.65,5.0,13,23.384615384615383
13-2031,2.39,4.26,4.25,4.6,4.6,1.8,4.82,1.15,3.66,4.68,4.08,4.63,5.0,13,16.307692307692307
13-2041,2.5,4.2,3.75,3.7,4.5,1.63,4.85,1.16,5.0,3.39,2.4,4.68,5.0,13,19.615384615384617
13-2052,2.5,3.69,4.0,4.12,4.62,1.56,4.42,1.08,4.64,3.25,3.8500000000000005,4.6,4.85,13,25.46153846153846
13-2053,2.27,4.570000000000001,4.3,4.33,4.3,1.73,4.929999999999999,1.2,4.570000000000001,3.8,3.57,4.79,5.0,13,29.923076923076923
13-2061,2.17,3.61,3.5199999999999996,3.39,4.0,1.83,4.78,1.0,4.48,4.7,3.22,4.35,4.96,13,23.0
13-2071,2.08,3.84,4.24,4.44,4.32,1.8,4.64,1.36,4.33,3.76,3.58,4.76,4.84,13,24.846153846153847
13-2072,2.42,4.12,4.43,4.8,4.5,2.16,4.61,1.9199999999999997,5.0,4.53,4.55,5.0,5.0,13,22.0
13-2081,2.15,3.7400000000000007,4.12,4.07,4.96,1.59,4.72,1.12,4.88,4.23,4.53,4.56,4.9,13,22.615384615384617
13-2082,2.33,4.05,3.85,3.6,4.9,1.9499999999999997,4.45,1.05,3.4,2.86,3.6699999999999995,4.4,4.43,13,20.53846153846154
13-2099,2.7111111111111112,3.911111111111111,3.977777777777778,3.9540909090909095,4.4222222222222225,2.0661363636363634,4.6,1.558139534883721,4.115348837209302,4.2553488372093025,3.1555555555555554,4.547142857142857,4.844444444444444,13,44.15384615384615
15-1211,2.541333333333333,3.9075,4.083333333333333,3.4106976744186044,4.442727272727272,2.262790697674419,4.208,1.1593023255813952,4.721162790697674,4.588095238095238,3.097727272727273,4.799767441860465,5.0,13,43.76923076923077
15-1212,2.56,3.6,4.0,3.19,4.07,2.3,4.23,1.52,4.82,4.18,2.87,4.48,4.96,13,24.692307692307693
15-1221,2.42,3.71,4.17,3.03,3.9599999999999995,1.77,4.53,1.06,4.78,4.44,3.66,4.38,5.0,13,17.0
15-1231,2.39,3.8999999999999995,4.26,3.52,4.45,2.45,3.72,1.51,4.83,4.61,3.51,4.92,4.92,13,41.92307692307692
15-1232,2.57,3.6499999999999995,4.57,4.1,4.04,2.18,3.93,1.63,4.86,4.07,2.01,4.61,5.0,13,25.076923076923077
15-1241,2.5590243902439025,3.830487804878049,3.9292682926829268,3.3397560975609757,4.1,2.7,3.8799999999999994,1.999512195121951,4.314736842105263,4.195853658536586,3.314878048780488,4.681707317073171,5.0,13,40.69230769230769
15-1242,2.01,2.99,4.49,3.91,4.34,3.0,4.33,1.12,4.77,4.58,2.13,4.58,4.92,13,21.384615384615383
15-1243,2.4561363636363636,3.4527272727272726,4.137727272727273,2.998863636363636,4.315454545454545,1.8163636363636364,4.835581395348838,1.0477272727272728,4.513720930232558,4.2475,2.134318181818182,4.373720930232558,4.976136363636363,13,43.76923076923077
15-1244,2.32,3.7900000000000005,4.09,3.07,4.0,2.02,4.27,1.43,4.96,4.2,1.7999999999999998,4.61,4.89,13,40.92307692307692
15-1251,2.31,4.04,3.43,2.33,4.22,1.6200000000000003,4.84,1.19,4.26,4.21,2.28,3.4100000000000006,5.0,13,22.692307692307693
15-1252,2.06,3.5,4.27,2.4199999999999995,4.26,1.47,4.95,1.01,3.2,4.56,1.93,3.43,4.5,13,28.0
15-1253,2.41,3.8799999999999994,4.12,3.0,4.44,1.94,4.68,1.12,4.12,4.42,2.12,4.09,5.0,13,33.46153846153846
15-1254,2.58,4.0,4.42,3.25,4.25,1.67,4.79,1.04,4.38,4.0,2.46,4.17,4.79,13,24.0
15-1255,3.0,4.05,3.95,3.1,3.16,1.5,4.84,1.15,4.75,4.75,2.05,3.3,5.0,13,19.846153846153847
15-1299,2.3899,3.911960784313726,4.02960396039604,3.4448484848484844,4.117058823529412,2.063061224489796,4.4002,1.3535353535353536,4.428979591836735,4.2993814432989685,3.0788118811881193,4.592142857142857,4.941078431372549,13,99.76923076923077
15-2011,2.57,3.46,3.86,3.08,4.43,1.59,4.93,1.0,5.0,4.19,2.43,4.48,5.0,13,27.307692307692307
15-2021,2.55,3.15,4.5,2.25,4.3,2.1,3.8899999999999997,1.1,3.65,3.39,2.0,2.89,4.55,13,19.692307692307693
15-2031,2.57,3.57,3.76,2.9,4.24,1.9,4.43,1.38,4.86,4.33,2.38,4.1,4.81,13,21.0
15-2041,2.4,3.338,4.226590909090909,3.022727272727273,4.418666666666666,1.910909090909091,4.576666666666666,1.0946511627906976,4.251818181818181,4.397674418604652,2.512,4.142857142857143,4.8453333333333335,13,44.15384615384615
15-2051,2.3153658536585366,3.834761904761905,3.9776190476190476,3.144285714285714,4.429047619047619,1.7380952380952381,4.808095238095238,1.0499999999999998,4.269268292682927,4.242439024390244,2.3902439024390243,4.358717948717949,4.973809523809524,13,41.38461538461539
15-2099,2.19,3.3899999999999997,4.06,2.66,4.26,1.7199999999999998,4.71,1.15,4.29,4.33,2.85,2.63,4.87,13,21.76923076923077
17-1011,2.85,3.6199999999999997,3.8600000000000003,3.4,3.95,2.05,4.4,2.65,4.3,4.58,3.6199999999999997,4.9,4.95,13,20.307692307692307
17-1012,2.6,3.85,3.7,3.3,3.95,2.2,4.25,2.9,4.7,4.42,3.65,4.6,5.0,13,19.923076923076923
17-1021,2.32,3.97,4.09,3.37,4.87,1.8300000000000003,4.83,2.02,4.96,4.43,4.24,4.67,4.87,13,15.846153846153847
17-1022,2.490212765957447,3.695217391304348,4.067826086956522,3.6118181818181823,4.8252173913043475,2.977777777777778,3.065531914893617,4.066666666666666,3.8877272727272727,4.114545454545454,3.5104255319148936,4.591818181818182,4.959787234042553,13,45.53846153846154
17-2011,2.6,3.56,4.35,2.98,4.0,1.95,4.25,1.5600000000000003,4.79,4.47,3.43,4.4,5.0,13,26.692307692307693
17-2021,2.65,3.4,4.0,2.95,4.15,2.5,3.68,3.5,4.5,4.15,3.25,4.2,5.0,13,19.923076923076923
17-2031,2.43,3.4800000000000004,4.0,2.78,4.35,2.17,4.0,1.35,4.57,4.39,2.83,3.91,4.87,13,22.923076923076923
17-2041,2.7,3.57,4.04,3.3,4.04,2.05,4.0,2.87,4.78,4.35,2.43,4.52,5.0,13,22.923076923076923
17-2051,2.5445454545454544,3.8054545454545456,3.9062121212121212,3.589393939393939,4.166769230769232,2.104393939393939,4.193787878787878,2.8438461538461537,4.399230769230769,4.409545454545455,3.647878787878788,4.830909090909091,4.986060606060605,13,65.76923076923077
17-2061,2.76,3.66,4.24,2.57,4.41,2.07,4.5,1.37,4.43,4.36,2.62,4.14,4.9,13,28.384615384615383
17-2071,2.58,3.9200000000000004,4.47,4.14,4.54,2.38,4.06,2.21,4.7,4.3,3.1,4.8,4.87,13,18.923076923076923
17-2072,2.5785714285714283,3.629387755102041,4.41530612244898,3.2881632653061224,4.254081632653062,2.188541666666667,4.0531250000000005,1.3695833333333332,4.47,4.372448979591836,3.112857142857143,4.2202040816326525,4.841020408163265,13,48.69230769230769
17-2081,2.62,3.81,3.81,3.16,4.05,2.4,3.95,3.2,4.3,4.4,4.0,4.89,4.95,13,20.307692307692307
17-2111,2.69,3.54,4.04,3.38,3.8500000000000005,2.32,3.8,2.46,4.23,4.12,3.77,4.67,4.96,13,25.692307692307693
17-2112,2.585681818181818,3.733595505617978,4.243483146067416,3.3569318181818186,4.216206896551724,2.5318390804597697,3.5633707865168542,1.8670454545454545,4.461494252873563,4.36551724137931,3.203483146067416,4.599302325581395,4.946590909090909,13,87.84615384615384
17-2121,2.47,3.67,3.7799999999999994,3.11,4.33,2.83,3.44,3.4200000000000004,3.8899999999999997,3.71,3.28,4.47,4.74,13,18.076923076923077
17-2131,2.57,3.52,4.19,2.9,4.1,2.57,3.6,1.67,4.52,4.43,3.05,4.19,5.0,13,20.846153846153847
17-2141,2.557887323943662,3.594929577464789,4.027323943661972,3.029857142857143,4.23,2.4614285714285717,3.6995774647887325,1.8995774647887325,4.6,4.518571428571429,2.9622857142857146,4.442571428571429,4.9845070422535205,13,70.53846153846153
17-2151,2.93,3.5699999999999994,4.17,3.65,4.08,2.45,3.71,2.87,4.2,4.22,2.63,4.3,4.93,13,19.76923076923077
17-2161,2.57,3.57,3.48,3.11,4.67,2.0,3.8600000000000003,2.1,4.25,3.8899999999999997,2.43,4.6,4.9,13,20.384615384615383
17-2171,2.58,3.67,3.9200000000000004,3.91,3.82,2.16,4.22,2.21,4.28,4.89,3.21,4.79,4.98,13,18.846153846153847
17-2199,2.552020202020202,3.5868341708542713,4.135909090909091,3.3939195979899504,4.257185929648242,2.3315151515151515,3.773080808080808,2.0900502512562813,4.4811167512690355,4.3229292929292935,3.154090909090909,4.432914572864322,4.908241206030151,13,198.3846153846154
17-3011,2.28,4.38,3.69,3.28,4.63,2.14,4.52,2.36,4.67,4.45,3.08,4.44,4.93,13,0.0
17-3012,2.23,4.18,3.69,3.43,4.44,1.97,4.3,2.11,4.59,4.35,2.98,4.23,4.89,13,70.3076923076923
17-3013,2.56,3.75,4.45,3.14,4.7,1.96,4.4,1.13,5.0,3.89,2.68,4.11,4.93,13,23.615384615384617
17-3021,2.95,4.47,4.06,4.29,4.96,2.94,3.12,1.72,4.91,4.48,3.69,4.51,4.67,13,17.0
17-3022,2.14,3.39,3.9199999999999995,4.06,3.99,2.43,3.71,3.52,4.52,4.45,4.01,4.28,4.79,13,30.0
17-3023,2.47,3.56,4.43,3.52,4.39,2.61,3.6,2.45,4.58,4.24,2.94,4.25,4.83,13,0.0
17-3024,2.7037500000000003,4.123230769230769,3.7801538461538464,3.75875,4.6096875,3.0178125,3.114,2.4496875,4.3171875,4.245,2.7609375,4.1153125,4.4184375,13,64.23076923076923
17-3025,2.43,3.5,3.57,3.68,3.93,2.55,3.26,3.73,3.72,3.95,3.57,4.47,4.75,13,34.0
17-3026,2.611111111111111,3.661111111111111,4.222222222222222,3.772222222222222,4.388888888888889,2.8833333333333333,3.2944444444444443,1.449090909090909,4.6722222222222225,4.416666666666667,2.902727272727273,4.194444444444445,4.961111111111111,13,44.84615384615385
17-3027,2.5845,3.9604918032786887,3.8275409836065575,3.546,4.276229508196722,3.205737704918033,2.940655737704918,2.451147540983606,4.492333333333333,4.1439344262295075,3.0116393442622953,4.342131147540984,4.725901639344261,13,60.76923076923077
17-3029,2.52,4.045000000000001,3.9288372093023254,3.6065116279069764,4.39,3.2049999999999996,2.75,2.99953488372093,4.275,3.957209302325581,3.225,4.225499999999999,4.66,13,43.38461538461539
17-3031,2.08,3.7,4.3,3.77,4.61,2.92,3.29,3.31,3.85,3.82,2.97,4.32,4.75,13,0.0
19-1011,2.78,3.65,4.39,3.73,4.26,2.73,3.43,3.2599999999999993,3.96,4.17,3.57,4.74,5.0,13,22.846153846153847
19-1012,2.55,3.86,3.95,3.43,4.36,3.3800000000000003,3.05,1.7099999999999997,4.86,4.33,3.14,4.6,4.91,13,21.384615384615383
19-1013,2.48,3.3300000000000005,4.38,2.86,3.8999999999999995,2.9,2.9,3.9,4.24,4.05,3.3800000000000003,4.24,4.76,13,20.923076923076923
19-1021,2.85,3.3,4.3,3.68,4.75,2.68,3.5799999999999996,1.05,4.67,4.21,1.8,3.67,4.85,13,19.307692307692307
19-1022,2.41,4.14,4.0,3.5,4.59,2.77,3.48,1.82,4.82,4.1,2.95,4.21,5.0,13,21.615384615384617
19-1023,2.29,3.3,4.12,3.7299999999999995,4.14,2.63,3.62,3.3899999999999997,4.3,4.34,3.8899999999999997,4.59,4.92,13,20.0
19-1029,2.6686813186813185,3.235869565217391,4.44445652173913,2.9264835164835166,4.313369565217391,2.4029347826086958,3.894891304347826,1.6207608695652176,4.498681318681319,4.311630434782608,2.3609782608695653,3.6683695652173913,4.941208791208791,13,91.6923076923077
19-1031,2.258450704225352,3.1739436619718306,4.027323943661972,3.1592957746478874,3.290704225352113,2.65,3.327857142857143,3.8925352112676057,4.172173913043478,4.282535211267605,4.323661971830986,4.6502816901408455,4.951408450704225,13,70.6923076923077
19-1032,2.3,3.11,4.64,4.06,3.94,2.9199999999999995,2.95,4.05,3.57,3.69,3.9,4.79,4.79,13,27.692307692307693
19-1041,2.53,3.5799999999999996,4.58,3.22,4.68,2.33,4.21,1.63,4.74,4.5,3.4200000000000004,4.67,4.95,13,18.692307692307693
19-1042,2.42,3.69,4.41,3.27,4.57,2.83,3.2800000000000002,1.14,4.81,4.81,2.44,3.9099999999999997,4.9399999999999995,13,25.923076923076923
19-2011,2.59,2.91,4.83,2.17,4.26,2.09,4.35,1.7,4.13,4.0,2.04,3.13,4.91,13,22.846153846153847
19-2012,2.41,3.05,4.42,2.48,3.7799999999999994,1.76,4.62,1.11,3.73,4.13,2.16,3.53,4.92,13,17.923076923076923
19-2021,2.4,3.95,3.95,3.35,3.95,1.95,4.4,2.2,4.37,3.95,3.5,4.3,4.9,13,19.923076923076923
19-2031,2.21,3.7900000000000005,4.44,3.63,4.67,2.9,3.09,1.13,4.8,3.96,2.98,3.8199999999999994,4.92,13,18.76923076923077
19-2032,2.43,3.3800000000000003,3.76,2.9,4.1,2.24,3.8,1.7099999999999997,4.71,4.05,3.05,4.29,4.86,13,20.923076923076923
19-2041,2.332061855670103,3.4820618556701035,4.083571428571428,2.9510526315789476,3.7463265306122446,2.1218749999999997,4.101734693877551,2.355625,3.742680412371134,4.3503125,3.433061224489796,4.541041666666667,4.87265306122449,13,96.92307692307692
19-2042,2.69,3.44,4.22,2.97,3.77,2.56,3.56,3.03,3.94,4.0,2.91,4.12,4.84,13,31.923076923076923
19-2043,2.35,3.35,4.14,2.65,4.18,2.26,3.86,3.09,4.0,4.22,3.04,4.39,4.96,13,22.692307692307693
19-2099,2.16,3.44,4.12,2.84,4.76,1.92,4.48,2.26,4.54,4.25,2.84,4.38,4.96,13,24.615384615384617
19-3011,2.710588235294118,3.1779999999999995,4.6802,2.839183673469388,4.039183673469388,1.9252941176470588,4.630588235294117,1.233529411764706,4.488235294117647,3.4776,2.6047058823529414,3.964705882352941,4.8617647058823525,13,50.46153846153846
19-3022,2.19,4.0,4.08,3.19,4.58,1.84,4.54,1.54,4.77,4.46,4.0,4.35,5.0,13,25.923076923076923
19-3032,2.6499999999999995,3.73,4.42,3.62,4.23,2.04,4.42,1.2,4.38,4.5,3.23,4.56,4.96,13,25.692307692307693
19-3033,2.36,3.56,4.64,4.12,3.56,1.7799999999999998,4.78,1.33,4.46,3.08,3.44,4.4,4.64,13,24.53846153846154
19-3034,2.68,4.1,4.62,3.59,4.1,2.0,3.68,1.38,4.97,4.57,3.65,4.25,4.91,13,24.846153846153847
19-3039,2.839183673469388,4.120816326530613,4.773877551020409,4.08,4.630204081632653,1.859591836734694,4.613061224489795,1.02,4.916666666666667,3.415625,3.817142857142857,4.228958333333334,4.817959183673469,13,48.69230769230769
19-3041,2.65,3.3,4.7,2.74,4.0,2.32,4.3,1.21,3.8899999999999997,3.4200000000000004,2.65,3.74,5.0,13,19.53846153846154
19-3051,2.46,3.52,3.7900000000000005,2.96,3.28,2.0,4.08,2.24,4.46,4.44,4.28,4.76,5.0,13,24.76923076923077
19-3091,2.65,3.7,4.45,2.26,4.05,2.58,3.8,2.42,3.74,3.44,3.15,3.76,4.7,13,19.307692307692307
19-3092,2.55,3.5,4.4,2.65,3.75,2.35,3.85,2.2,4.55,3.75,3.1,3.9,4.9,13,20.0
19-3093,1.6800000000000002,3.21,4.0,3.67,4.06,2.59,3.65,2.0,4.49,4.4,4.2,3.46,4.66,13,20.23076923076923
19-3094,2.73,3.27,4.85,2.92,3.8,2.4,4.04,1.16,4.68,3.08,2.62,3.72,5.0,13,25.384615384615383
19-3099,2.25,3.1,3.85,3.0,3.45,2.05,4.55,1.95,4.45,4.5,3.8,4.74,5.0,13,19.923076923076923
19-4012,2.5571428571428574,3.3085714285714287,4.020714285714286,3.46219512195122,4.013571428571429,3.0609756097560976,2.9392857142857145,4.067560975609756,3.319268292682927,4.0005,3.5335714285714284,4.2705,4.576666666666666,13,41.38461538461539
19-4013,2.35,4.37,4.15,4.37,4.55,3.91,2.25,1.29,4.91,4.58,1.79,4.04,4.71,13,16.923076923076923
19-4021,1.93,3.33,3.85,2.63,4.39,2.81,3.2,1.46,4.35,3.94,1.91,3.0,4.85,13,25.0
19-4031,2.36,4.35,3.84,3.35,4.87,3.67,2.4,1.9,4.91,4.57,2.64,3.33,5.0,13,16.76923076923077
19-4042,2.0,4.27,3.77,3.23,4.14,3.05,3.23,3.5899999999999994,4.14,3.82,3.82,4.64,4.82,13,22.0
19-4043,2.3,3.52,4.17,3.32,4.51,2.75,3.46,2.5,4.39,4.0,2.73,4.27,4.66,13,0.0
19-4051,2.66,3.52,3.67,3.9000000000000004,4.59,3.0,2.94,3.31,4.54,4.61,2.76,4.84,4.72,13,36.46153846153846
19-4061,1.7900000000000003,2.85,3.89,2.29,3.9899999999999998,1.74,4.72,1.22,4.18,4.15,2.66,3.36,4.64,13,27.76923076923077
19-4071,2.47,3.86,4.14,4.21,3.98,3.5,2.58,4.41,4.0,4.87,3.83,4.56,4.66,13,30.692307692307693
19-4092,2.4199999999999995,3.9199999999999995,3.89,4.7,4.67,3.02,3.12,3.93,4.72,4.11,4.33,4.21,4.8,13,27.923076923076923
19-4099,2.4605555555555556,3.8311111111111114,4.060555555555556,3.236666666666667,4.733888888888888,2.641111111111111,3.4666666666666663,1.8630555555555555,4.769166666666667,3.941666666666667,2.371111111111111,3.5827777777777783,4.6675,13,36.0
19-5011,2.48,3.57,4.04,3.77,4.04,2.78,3.13,3.35,4.3,4.17,3.13,4.61,4.83,13,22.923076923076923
19-5012,2.71,3.76,4.19,3.9,3.8999999999999995,2.95,3.1000000000000005,3.5,3.65,4.35,3.6199999999999997,4.8,4.81,13,20.46153846153846
21-1011,1.59,4.46,3.63,2.54,3.7799999999999994,1.9099999999999997,4.1,1.25,4.99,4.68,4.1,4.92,4.57,13,18.615384615384617
21-1012,2.36,3.76,4.01,3.92,3.99,2.26,4.27,1.32,4.66,4.85,4.09,4.95,4.929999999999999,13,29.76923076923077
21-1013,1.7700000000000002,4.58,4.4,4.6,3.22,2.66,4.31,1.18,4.57,3.5499999999999994,3.68,4.46,4.85,13,23.923076923076923
21-1014,2.14,3.86,4.64,4.07,3.46,1.93,4.82,1.14,4.54,3.11,3.82,4.56,4.96,13,27.846153846153847
21-1015,1.9700000000000002,4.16,4.09,4.25,3.8999999999999995,2.42,3.98,1.9800000000000002,4.73,4.37,4.24,4.78,4.85,13,32.76923076923077
21-1021,2.42,4.33,4.44,4.17,4.26,2.43,3.5,2.83,4.2,4.77,4.27,4.85,5.0,13,20.923076923076923
21-1022,2.42,4.0,4.3,3.89,2.89,2.52,3.7,1.73,4.809999999999999,4.73,4.04,5.0,4.93,13,26.692307692307693
21-1023,2.26,4.39,4.34,3.59,3.67,2.18,4.09,2.04,4.62,4.49,3.93,4.8,4.89,13,22.923076923076923
21-1091,2.32,3.81,4.42,3.8199999999999994,3.79,2.34,3.56,1.66,3.93,4.26,3.91,4.77,5.0,13,19.692307692307693
21-1092,2.03,4.4,4.16,4.0,4.37,2.47,3.75,3.49,4.4,4.27,4.65,4.83,4.75,13,35.0
21-1093,1.82,4.12,3.94,3.74,4.08,2.33,3.4,2.29,4.22,4.61,4.5,4.759999999999999,4.79,13,26.923076923076923
21-1094,1.8199999999999998,3.4200000000000004,3.97,3.8600000000000003,3.9300000000000006,3.2,2.94,2.03,3.85,4.2,3.88,4.37,4.77,13,19.692307692307693
21-2011,2.48,3.87,4.51,3.87,3.53,2.31,4.06,1.99,4.39,4.23,3.7599999999999993,4.68,4.83,13,22.923076923076923
21-2021,1.52,2.61,4.72,3.4,2.32,2.47,3.67,1.42,4.84,4.02,3.26,4.26,4.45,13,17.846153846153847
23-1011,2.54,4.18,4.67,4.21,4.4,1.95,4.55,1.22,3.86,3.58,3.86,4.89,4.96,13,25.076923076923077
23-1012,2.28,4.07,3.67,3.9599999999999995,4.85,2.09,4.54,1.0,4.91,3.83,3.38,4.4,4.87,13,17.0
23-1021,1.81,4.42,4.53,4.85,4.52,1.61,4.94,1.01,4.97,3.54,4.78,4.46,4.92,13,25.384615384615383
23-1022,2.26,3.8,4.75,3.7,4.65,1.6,4.75,1.2,3.05,2.15,2.26,3.47,4.55,13,19.76923076923077
23-1023,2.58,4.73,4.99,4.61,4.75,1.59,4.79,1.31,5.0,4.75,4.68,4.24,4.85,13,20.0
23-2011,2.11,4.36,4.12,3.92,4.79,1.7,4.77,1.29,4.88,4.25,3.22,4.54,5.0,13,18.384615384615383
23-2093,2.03,4.41,4.64,4.39,5.0,1.91,4.45,1.45,4.82,4.29,4.18,4.32,4.96,13,16.76923076923077
25-1011,2.28,3.6800000000000006,4.74,3.65,3.25,2.64,3.77,1.22,4.55,3.52,2.78,3.7200000000000006,5.0,13,35.69230769230769
25-1021,2.49,4.02,4.7,3.62,3.89,2.17,4.29,1.13,4.43,4.34,3.41,4.08,4.99,13,31.53846153846154
25-1022,2.28,3.5999999999999996,4.34,3.47,3.9500000000000006,3.12,3.25,1.02,4.7,3.7099999999999995,3.24,2.91,4.91,13,40.69230769230769
25-1031,2.22,3.4700000000000006,4.67,2.99,3.66,2.7799999999999994,3.3700000000000006,1.97,4.49,3.99,2.93,3.48,4.72,13,27.0
25-1032,2.93,3.55,4.58,3.19,3.53,2.2,3.96,1.32,4.55,3.6699999999999995,2.47,3.84,5.0,13,21.0
25-1041,2.74,3.58,4.7,3.39,4.16,2.3,4.01,2.49,4.73,4.35,2.98,4.09,4.99,13,23.76923076923077
25-1042,2.92,4.05,4.95,4.07,4.22,2.97,3.04,1.86,4.93,4.24,3.54,3.79,4.96,13,42.84615384615385
25-1043,2.64,3.85,4.77,3.51,3.6999999999999997,2.79,3.4800000000000004,3.2,4.24,4.57,4.02,4.04,5.0,13,18.76923076923077
25-1051,2.64,3.6800000000000006,4.86,3.25,3.8400000000000003,2.87,3.28,2.07,4.76,3.8600000000000003,3.22,3.6399999999999997,4.98,13,35.76923076923077
25-1052,2.74,3.78,4.71,3.27,4.39,2.44,3.9199999999999995,1.09,4.56,4.06,2.57,3.73,4.98,13,32.92307692307692
25-1053,2.5,3.5900000000000003,4.52,3.29,4.11,2.62,3.62,2.15,4.72,4.12,3.01,3.84,4.91,13,51.30769230769231
25-1054,2.43,3.69,4.76,3.4599999999999995,3.55,2.54,3.45,1.34,4.45,3.3600000000000003,3.72,3.5400000000000005,4.84,13,41.38461538461539
25-1061,3.0,3.4100000000000006,4.55,2.64,3.55,2.5,3.81,2.41,3.8999999999999995,4.05,3.27,3.3300000000000005,4.95,13,21.76923076923077
25-1062,2.71,4.03,4.65,3.6799999999999997,3.5499999999999994,2.66,3.91,1.27,4.49,4.19,3.16,3.3299999999999996,4.9,13,40.76923076923077
25-1063,2.52,3.38,4.73,3.18,3.87,2.37,4.31,1.08,4.21,3.32,3.41,3.21,4.96,13,24.923076923076923
25-1064,2.45,3.76,4.93,2.93,4.0,2.45,3.91,1.91,4.64,3.91,2.94,3.4800000000000004,4.99,13,38.0
25-1065,2.73,3.5699999999999994,4.75,4.16,3.78,2.38,4.03,1.09,4.73,3.63,3.54,3.8500000000000005,5.0,13,36.69230769230769
25-1066,2.61,3.39,4.89,3.36,3.61,2.3099999999999996,3.96,1.01,4.83,3.87,3.26,3.1900000000000004,4.85,13,29.53846153846154
25-1067,2.44,3.72,4.83,3.55,3.76,2.24,3.9899999999999998,1.15,4.75,3.52,2.79,3.48,4.98,13,33.46153846153846
25-1071,2.35,3.7900000000000005,4.83,3.88,3.84,2.64,3.8600000000000003,1.31,4.64,4.45,3.66,4.36,4.88,13,18.846153846153847
25-1072,2.71,3.8,4.15,4.05,4.68,3.07,3.15,1.23,4.23,4.69,4.51,4.26,4.87,13,34.76923076923077
25-1081,2.59,3.5200000000000005,4.86,4.02,4.3,2.31,4.01,1.06,4.78,4.48,4.02,4.08,5.0,13,19.153846153846153
25-1082,2.38,3.5799999999999996,4.86,3.53,3.6,1.8199999999999998,4.59,1.13,4.68,4.3,3.22,3.4800000000000004,5.0,13,18.923076923076923
25-1111,2.52,3.72,4.64,4.07,3.7100000000000004,2.98,3.34,1.5300000000000002,4.93,3.4600000000000004,4.19,4.25,4.97,13,21.846153846153847
25-1112,2.16,3.45,4.75,3.7000000000000006,4.12,2.56,3.69,1.15,4.42,3.17,3.02,4.18,4.81,13,35.92307692307692
25-1113,2.47,3.51,4.73,3.13,3.37,2.38,3.91,1.58,3.41,4.31,3.8799999999999994,4.41,5.0,13,16.923076923076923
25-1121,2.23,3.41,4.53,3.23,3.47,3.22,2.92,1.32,4.64,4.16,3.1699999999999995,3.35,4.79,13,55.69230769230769
25-1122,2.09,3.74,4.85,3.95,3.55,2.53,3.6600000000000006,1.17,4.57,3.62,2.87,3.56,4.93,13,21.076923076923077
25-1123,2.06,3.78,4.59,3.21,3.7,2.74,3.5,1.01,4.59,3.63,3.29,3.15,4.76,13,34.23076923076923
25-1124,2.72,3.27,4.28,3.67,3.27,2.72,3.8,1.0,4.74,3.65,1.88,3.08,4.92,13,24.53846153846154
25-1125,2.68,3.78,4.91,3.85,4.27,2.54,3.5099999999999993,1.01,4.68,3.03,2.64,3.74,4.86,13,21.692307692307693
25-1126,2.47,3.64,4.62,3.79,4.23,2.46,3.91,1.0,4.61,3.42,2.46,3.05,4.96,13,32.76923076923077
25-1192,2.5899999999999994,4.05,4.45,4.28,3.88,2.38,3.72,1.19,3.92,4.14,3.63,4.24,4.880000000000001,13,29.0
25-1193,2.4,3.58,4.62,3.76,3.63,2.74,3.26,2.09,4.39,4.41,3.61,4.03,4.82,13,34.61538461538461
25-1194,1.83,3.5200000000000005,4.38,3.5600000000000005,4.07,3.6399999999999997,2.5,1.38,4.39,3.8600000000000003,3.78,3.61,4.49,13,42.46153846153846
25-2011,1.63,3.07,3.55,3.54,3.35,3.63,2.06,3.11,4.34,4.37,3.25,2.74,2.27,13,30.615384615384617
25-2012,2.64,3.7400000000000007,4.14,4.14,3.39,4.07,2.12,2.49,4.22,4.57,4.34,3.85,4.85,13,39.07692307692308
25-2021,2.94,3.76,3.99,3.97,3.3600000000000003,4.21,2.32,2.52,4.42,4.97,4.53,3.6000000000000005,5.0,13,21.0
25-2022,2.73,3.32,4.38,4.15,3.39,3.59,2.5,2.45,4.48,4.62,2.83,3.39,4.86,13,22.384615384615383
25-2023,2.65,3.88,4.4,4.52,3.7300000000000004,3.63,2.47,1.85,4.32,4.24,3.83,3.7,4.81,13,22.76923076923077
25-2031,2.5,3.28,4.25,3.5699999999999994,3.14,3.28,3.0,2.12,4.56,4.24,3.34,3.56,4.96,13,35.30769230769231
25-2032,2.78,3.9499999999999997,4.07,4.36,3.62,3.24,2.78,2.23,3.69,3.8000000000000003,3.06,3.5400000000000005,4.79,13,37.76923076923077
25-2051,2.03,3.09,4.09,4.32,3.14,3.38,2.76,2.83,4.37,4.66,2.91,3.56,4.58,13,19.76923076923077
25-2056,2.52,3.5,3.62,2.64,3.1599999999999997,3.73,2.61,1.51,4.38,4.4,3.02,3.74,4.88,13,25.846153846153847
25-2057,2.63,3.92,3.8600000000000003,3.5,3.6100000000000003,3.5999999999999996,2.45,2.16,4.3,4.65,2.95,3.8700000000000006,4.99,13,17.692307692307693
25-2058,2.59,3.82,4.54,4.12,3.81,2.83,3.2,1.85,4.09,4.89,3.37,4.0,4.97,13,32.38461538461539
25-2059,2.24,3.3800000000000003,4.55,3.47,2.84,4.43,1.9,3.15,3.8600000000000003,4.43,3.3300000000000005,3.48,4.76,13,20.53846153846154
25-3011,1.41,3.2100000000000004,4.24,3.6600000000000006,3.8800000000000003,3.27,3.07,1.19,3.96,3.75,3.22,3.47,4.58,13,21.692307692307693
25-3021,1.13,2.76,4.79,3.42,3.56,2.53,3.24,1.72,4.43,3.82,3.24,2.58,3.92,13,31.923076923076923
25-3031,1.31,2.92,4.26,3.34,3.32,3.48,2.72,2.12,3.23,4.16,2.17,2.75,3.7900000000000005,13,33.46153846153846
25-3041,1.09,3.5,4.27,3.1399999999999997,3.52,2.19,4.86,1.1,4.62,3.57,3.76,3.29,4.5,13,21.384615384615383
25-4011,2.03,2.94,4.03,2.86,3.97,2.43,4.03,1.25,4.89,4.0,4.16,4.14,4.97,13,29.692307692307693
25-4012,2.36,3.24,4.48,3.61,4.08,2.46,3.54,2.03,4.47,4.3,4.09,4.64,4.73,13,34.84615384615385
25-4013,1.68,3.45,4.6,3.3699999999999997,4.31,3.49,2.65,1.9199999999999997,4.17,4.14,3.49,3.92,4.15,13,21.923076923076923
25-4022,2.0,3.53,4.27,3.48,3.67,2.94,3.37,1.4,4.29,4.31,3.96,4.62,4.83,13,62.07692307692308
25-4031,1.69,3.48,4.16,3.79,3.94,2.65,3.5900000000000003,1.5,4.89,4.08,3.7000000000000006,4.42,4.71,13,35.84615384615385
25-9021,2.48,3.2200000000000006,4.74,3.44,3.41,2.48,3.48,3.42,3.81,4.33,4.7,4.85,5.0,13,26.923076923076923
25-9031,2.9400000000000004,3.63,4.02,3.35,3.2599999999999993,2.92,3.59,1.81,4.99,4.82,3.6,4.56,5.0,13,22.846153846153847
25-9042,1.68,2.45,3.39,4.24,3.05,3.68,2.38,2.81,4.74,4.64,3.15,2.0,3.64,13,21.53846153846154
25-9043,1.59,3.07,3.31,3.89,3.2600000000000002,3.47,2.55,3.08,4.37,4.32,2.65,2.05,3.66,13,28.384615384615383
25-9044,1.67,3.46,4.03,2.88,3.68,2.91,3.4,1.1,3.95,4.17,2.73,2.49,4.77,13,32.0
27-1011,2.55,4.76,4.17,3.66,4.04,1.83,4.76,1.22,4.59,4.78,2.71,4.01,4.75,13,16.46153846153846
27-1012,2.04,2.65,4.36,2.41,3.78,2.48,3.64,1.48,3.83,1.91,3.27,3.3800000000000003,4.39,13,22.53846153846154
27-1013,1.39,3.34,4.82,3.55,4.13,3.0,3.4,1.87,4.28,2.6,2.67,3.47,3.9,13,16.76923076923077
27-1014,2.6,4.45,4.27,4.32,4.42,1.72,4.56,1.61,4.49,4.49,3.62,4.09,5.0,13,20.76923076923077
27-1021,2.75,4.03,3.71,4.08,4.4,2.03,4.38,1.46,4.94,4.71,4.01,4.67,5.0,13,17.923076923076923
27-1022,2.34,4.09,3.59,2.72,3.6499999999999995,2.64,3.96,1.5599999999999998,3.8300000000000005,3.5,3.1699999999999995,3.1199999999999997,4.73,13,21.0
27-1023,1.61,4.13,4.23,3.37,3.1,4.2,1.75,3.28,4.13,4.41,4.8,4.87,4.23,13,15.384615384615385
27-1024,2.55,4.65,4.1,3.26,4.39,1.89,4.79,1.37,4.32,4.44,3.05,4.47,4.9,13,19.23076923076923
27-1025,2.52,4.16,3.88,3.75,4.16,2.75,4.08,1.79,4.43,4.46,4.0,4.88,4.96,13,24.46153846153846
27-1026,1.7600000000000002,3.77,4.12,3.98,3.23,4.48,1.8700000000000003,1.7100000000000002,4.54,4.16,3.94,3.8,3.75,13,20.53846153846154
27-1027,2.9,4.19,4.24,3.0,3.95,2.62,3.6699999999999995,2.0,3.8999999999999995,4.67,2.76,4.26,4.86,13,20.846153846153847
27-2011,1.18,4.59,3.45,3.62,4.17,3.83,2.16,1.76,4.56,5.0,3.65,3.67,4.68,13,15.923076923076923
27-2012,2.525531914893617,4.222659574468085,4.244468085106383,4.395638297872341,4.1346808510638295,2.302340425531915,4.062978723404256,1.805,4.443225806451613,4.578404255319149,3.671808510638298,4.683191489361702,4.983297872340426,13,93.92307692307692
27-2021,2.44,3.8699999999999997,4.14,3.67,3.76,4.07,2.32,4.2,3.19,4.47,3.33,4.11,4.03,13,23.692307692307693
27-2022,2.33,3.6700000000000004,4.03,4.09,3.62,3.75,2.61,3.26,4.3,4.44,2.96,3.63,4.66,13,38.30769230769231
27-2023,1.24,3.05,4.52,3.29,3.95,4.0,2.1,3.45,2.14,4.0,2.9,3.43,3.76,13,20.846153846153847
27-2031,1.54,2.94,3.45,3.38,4.01,4.33,2.32,1.72,4.77,4.48,3.03,1.73,2.67,13,17.46153846153846
27-2032,1.7099999999999997,3.8999999999999995,4.05,2.95,3.71,4.43,1.7099999999999997,1.76,4.48,4.52,3.05,4.24,4.76,13,21.0
27-2041,2.15,3.92,4.7,3.64,4.47,2.89,3.4400000000000004,1.5,4.37,4.2,3.92,4.21,4.58,13,44.84615384615385
27-2042,1.28,3.76,3.2,3.0699999999999994,4.6,2.09,4.07,1.37,3.99,4.58,2.76,2.04,3.51,13,48.53846153846154
27-3011,2.3,4.85,4.17,4.46,4.11,2.55,4.1,2.96,4.69,4.52,4.2,4.49,4.91,13,16.846153846153847
27-3023,2.45,4.89,4.56,4.36,4.54,2.17,4.15,2.66,4.43,3.88,3.71,4.53,4.83,13,0.0
27-3031,2.64,4.55,3.81,4.1,4.18,2.32,3.9,1.86,4.32,4.5,3.77,4.82,4.95,13,21.692307692307693
27-3041,2.2,4.57,4.07,4.33,4.44,1.88,4.4,1.63,4.9,4.58,3.71,4.53,4.89,13,17.76923076923077
27-3042,2.32,4.23,4.4,3.58,4.55,1.68,4.55,1.15,4.17,4.58,3.19,4.15,4.74,13,26.692307692307693
27-3043,2.1782051282051285,3.864,4.154,3.058947368421053,3.883,1.8615384615384614,4.5275,1.673846153846154,2.8261538461538462,2.755384615384615,2.792,3.931538461538461,4.6975,13,39.38461538461539
27-3091,1.8199999999999998,4.02,4.06,4.52,4.9,2.72,3.6100000000000003,1.92,4.11,4.71,2.9,3.6399999999999997,4.52,13,19.923076923076923
27-3092,1.86,4.43,4.2,3.4200000000000004,4.96,1.72,4.79,1.0,4.82,4.47,4.28,4.39,4.63,13,21.23076923076923
27-4011,1.9800000000000002,3.88,4.45,3.62,4.57,2.45,3.7,1.43,4.82,4.61,3.78,4.34,4.56,13,22.0
27-4012,2.01,3.9199999999999995,3.84,3.9199999999999995,4.15,2.43,4.09,2.43,4.95,4.53,3.01,4.56,4.97,13,21.0
27-4014,2.64,4.2,4.24,3.2900000000000005,4.6,2.21,4.28,1.96,4.74,4.0,2.48,4.24,4.88,13,24.076923076923077
27-4021,2.24,3.9100000000000006,4.14,3.5,3.82,2.95,3.29,3.27,3.82,3.36,4.32,4.86,4.95,13,21.615384615384617
27-4031,1.9799999999999998,3.91,3.4499999999999997,3.34,4.37,3.1,2.91,3.1,4.18,4.59,3.5400000000000005,3.81,4.75,13,18.923076923076923
27-4032,2.38,4.7,4.06,2.74,4.43,1.8400000000000003,4.56,2.07,4.98,4.5,3.0,4.46,5.0,13,19.923076923076923
29-1011,2.0,3.58,4.96,4.55,4.73,3.5500000000000003,2.51,1.09,4.94,3.97,3.6,4.82,4.27,13,18.76923076923077
29-1021,1.46,3.78,4.67,4.89,4.81,2.3,4.26,1.07,4.75,4.87,4.48,4.61,4.03,13,21.76923076923077
29-1022,2.15,3.58,4.93,4.8,4.83,4.26,1.92,1.0,4.75,4.75,4.44,4.94,4.09,13,18.846153846153847
29-1023,2.07,4.34,4.81,4.62,4.83,2.64,3.4600000000000004,1.02,4.7,4.99,4.65,4.25,4.35,13,21.53846153846154
29-1024,2.13,3.85,4.95,4.55,4.95,2.44,4.09,1.0,4.66,4.7,3.98,4.47,4.64,13,15.0
29-1031,2.07,3.83,4.55,3.3099999999999996,4.0,2.43,3.63,1.17,4.6,3.87,3.7,4.63,4.9,13,29.692307692307693
29-1041,2.29,4.05,4.71,4.55,4.76,2.5,3.71,1.0,5.0,4.32,4.43,4.2,4.9,13,20.384615384615383
29-1051,1.5800000000000003,4.67,4.59,4.78,4.99,4.36,1.7800000000000002,1.03,5.0,4.98,4.68,5.0,4.64,13,22.0
29-1071,2.476,4.169999999999999,4.5369090909090914,4.243090909090909,4.816545454545454,3.5199999999999996,2.7874545454545454,1.21,4.72,4.65,4.209814814814815,4.665454545454546,4.452909090909091,13,54.61538461538461
29-1081,2.49,4.38,5.0,4.7299999999999995,4.7700000000000005,3.18,3.38,1.1,3.77,4.42,3.86,4.55,4.62,13,27.846153846153847
29-1122,2.155,3.4440000000000004,4.57,3.9971111111111113,3.422222222222222,3.267777777777778,2.554222222222222,2.933333333333333,4.087111111111111,4.022666666666667,3.645111111111111,4.245333333333333,4.735111111111111,13,44.84615384615385
29-1123,1.77,4.24,4.75,4.59,3.69,3.7999999999999994,2.34,1.34,4.88,4.54,4.63,4.48,3.82,13,24.923076923076923
29-1124,2.01,4.46,4.14,4.17,4.86,3.8899999999999997,2.27,1.05,4.57,4.39,3.38,4.71,4.72,13,35.76923076923077
29-1125,2.11,3.68,4.26,3.21,3.05,3.23,2.51,2.84,4.47,4.65,3.9499999999999997,4.22,4.79,13,37.46153846153846
29-1126,1.61,4.09,3.8899999999999997,4.66,4.64,3.99,2.11,1.05,4.79,4.55,4.24,4.93,4.14,13,35.92307692307692
29-1127,1.77,4.59,4.61,4.25,3.95,2.69,3.8800000000000003,1.37,4.19,4.89,3.8,3.79,4.18,13,20.846153846153847
29-1128,1.86,3.14,4.25,3.55,3.86,3.5899999999999994,2.55,2.0,4.95,4.45,4.05,4.59,4.64,13,21.846153846153847
29-1129,1.9793103448275862,3.56140350877193,4.492982456140351,3.492982456140351,2.945964912280702,2.5380357142857144,3.6308771929824557,1.475087719298246,4.630526315789473,4.258965517241379,3.3110344827586204,4.172413793103448,4.657241379310345,13,57.30769230769231
29-1131,2.37,4.21,4.76,4.78,4.55,3.9599999999999995,2.3,1.55,4.92,4.82,4.65,4.97,4.5,13,24.0
29-1141,2.2461417322834647,4.11784,4.2135483870967745,4.140081300813009,4.5611999999999995,3.1548412698412696,2.9748031496062994,1.1415873015873017,4.629055118110236,4.642096774193549,4.043307086614173,4.900975609756098,4.509055118110236,13,125.46153846153847
29-1151,2.6299999999999994,4.11,4.7,4.19,4.81,3.2,3.11,1.19,5.0,4.85,4.04,4.31,4.04,13,26.384615384615383
29-1161,2.82,3.82,4.67,4.75,4.48,3.16,2.88,1.06,4.72,4.59,4.48,4.81,4.85,13,32.53846153846154
29-1171,2.52,4.09,4.7,4.57,4.57,3.13,2.83,1.3,4.43,4.75,4.26,5.0,4.96,13,22.692307692307693
29-1181,2.32,3.55,4.59,4.45,4.64,2.43,3.82,1.0,4.6,4.25,4.64,4.9,4.95,13,21.46153846153846
29-1211,2.95,4.0,4.73,4.71,4.85,3.21,3.16,1.01,4.91,4.65,3.7,4.61,4.39,13,34.53846153846154
29-1213,2.08,3.81,4.99,4.48,4.72,4.08,2.44,1.0,4.25,4.5,4.79,4.59,4.7,13,25.923076923076923
29-1214,1.77,4.2,4.929999999999999,4.6,4.9,3.2,2.93,1.2,5.0,4.83,4.73,4.929999999999999,4.69,13,29.846153846153847
29-1215,2.1,4.72,4.98,5.0,4.76,2.92,3.05,1.0,4.93,4.98,4.6,4.66,3.98,13,21.0
29-1216,2.45,4.08,4.84,4.39,4.42,3.14,2.92,1.0,4.97,3.9600000000000004,4.07,4.59,4.67,13,21.923076923076923
29-1217,2.89,4.27,4.92,4.78,4.98,2.69,3.5,1.08,4.31,4.57,4.24,4.82,4.73,13,20.692307692307693
29-1218,2.49,3.92,4.82,4.65,4.79,3.52,2.6,1.0,5.0,4.84,4.44,4.93,4.7,13,17.384615384615383
29-1221,2.39,3.1399999999999997,4.85,4.67,4.68,3.74,2.75,1.0,4.32,4.92,3.75,4.62,4.03,13,20.923076923076923
29-1222,2.7000000000000006,4.9,4.61,4.61,4.87,2.1,4.56,1.01,4.58,4.34,2.35,4.78,4.92,13,23.923076923076923
29-1223,2.56,4.05,4.87,4.42,3.8999999999999995,2.07,4.08,1.04,4.99,4.81,3.8,4.91,4.83,13,32.38461538461539
29-1224,2.51,4.43,4.49,4.57,4.89,2.83,3.52,1.0,4.52,4.45,4.48,4.94,4.15,13,21.76923076923077
29-1229,2.708769230769231,4.160229007633588,4.797307692307693,4.598359374999999,4.698702290076336,3.0762015503875966,3.1003875968992247,1.372248062015504,4.736093749999999,4.662384615384616,4.207131782945737,4.801328125,4.764503816793893,13,129.46153846153845
29-1241,2.43,4.61,5.0,4.99,4.92,3.17,4.12,,4.92,4.24,4.7,4.54,4.97,12,14.666666666666666
29-1291,1.61,3.03,4.79,3.86,4.0,3.7799999999999994,2.39,1.07,4.57,2.7799999999999994,3.83,4.41,4.66,13,28.076923076923077
29-1292,1.46,3.74,3.98,4.35,4.39,2.24,4.09,1.0,5.0,3.9700000000000006,3.8899999999999997,3.39,2.68,13,17.0
29-1299,2.209056603773585,3.713846153846154,4.394716981132075,4.2323076923076925,4.4898113207547174,2.3592,3.69,1.0384615384615385,4.56,3.980961538461538,4.224150943396227,4.667450980392157,4.753962264150943,13,52.0
29-2011,2.084631578947368,4.432604166666667,4.055684210526316,4.2259375,4.783124999999999,2.516595744680851,3.739473684210526,1.0109375,4.886382978723404,4.012315789473685,2.7231578947368424,4.412187500000001,4.7426315789473685,13,95.23076923076923
29-2012,1.8805797101449273,4.0200000000000005,3.7917647058823536,3.388333333333333,4.881492537313433,2.9756521739130433,3.3888059701492534,1.0858823529411765,4.820289855072464,4.162898550724638,2.568115942028985,4.4162318840579715,4.258208955223881,13,68.07692307692308
29-2031,1.9200000000000002,4.3,3.9,4.32,4.68,3.08,3.24,1.0,4.58,4.64,4.23,4.37,3.9800000000000004,13,34.84615384615385
29-2032,1.7399999999999998,4.02,4.18,4.28,4.87,3.04,3.3600000000000003,1.05,4.71,4.43,4.23,4.49,3.39,13,39.53846153846154
29-2033,1.9099999999999997,4.1,4.45,4.47,4.66,3.16,2.69,1.02,4.36,4.37,4.65,4.8,4.07,13,39.76923076923077
29-2034,1.84,3.66,4.01,4.78,4.67,3.63,2.59,1.05,4.5,4.65,4.55,4.83,4.42,13,46.23076923076923
29-2035,2.26,3.91,4.3,3.61,4.83,2.57,3.7400000000000007,1.26,4.74,3.87,3.4800000000000004,4.65,4.52,13,23.0
29-2036,2.21,5.0,3.9,4.05,4.85,1.8,4.79,1.0,4.75,4.1,2.45,4.8,4.8,13,19.76923076923077
29-2051,1.98,4.31,4.15,3.8,4.45,3.85,2.5,1.17,4.73,4.72,4.1,3.79,3.22,13,15.923076923076923
29-2052,1.91,4.26,3.2799999999999994,3.86,4.98,4.54,1.8600000000000003,1.05,4.93,4.45,3.75,5.0,4.66,13,26.615384615384617
29-2053,2.58,3.46,3.76,3.48,3.5399999999999996,3.62,2.98,2.52,3.9600000000000004,4.42,1.96,4.67,4.12,13,21.846153846153847
29-2055,1.9300000000000002,3.8200000000000003,3.78,4.66,4.87,4.27,2.15,1.01,4.61,4.82,4.05,3.97,3.1,13,37.76923076923077
29-2056,1.77,3.9600000000000004,3.6,4.1,4.34,4.26,2.08,2.03,4.4,4.57,3.86,4.3,3.62,13,32.84615384615385
29-2057,2.05,3.32,3.9100000000000006,4.45,4.73,3.23,2.73,1.0,4.82,4.82,4.55,4.82,4.5,13,21.923076923076923
29-2061,1.8400000000000003,4.38,3.77,4.33,4.71,3.75,2.42,1.16,4.14,4.69,3.6199999999999997,4.72,3.7799999999999994,13,35.92307692307692
29-2081,2.04,4.04,4.42,4.42,4.83,2.92,3.17,1.12,4.17,3.83,4.79,5.0,4.75,13,23.846153846153847
29-2091,2.71,4.29,4.52,4.62,4.19,3.43,2.67,1.29,4.43,4.1,3.8600000000000003,4.9,5.0,13,20.846153846153847
29-2092,2.36,3.9400000000000004,4.54,4.69,4.19,2.24,4.11,1.0,4.69,3.98,4.9,4.65,4.87,13,16.846153846153847
29-2099,2.126142857142857,3.711,4.130289855072464,3.9735294117647055,4.576,2.7725714285714282,3.483235294117647,1.0797101449275361,4.812714285714286,4.57942857142857,4.405714285714287,4.6568571428571435,4.7021428571428565,13,69.53846153846153
29-9091,2.99,3.6,4.43,4.69,4.32,3.6,2.61,4.18,4.58,4.8,3.94,4.38,4.73,13,19.0
29-9092,2.48,3.91,4.04,4.04,4.43,1.7799999999999998,4.3,1.0,4.3,3.9100000000000006,4.17,5.0,5.0,13,22.846153846153847
29-9093,1.95,3.33,3.51,3.59,4.6,4.32,1.96,1.01,4.91,4.7,3.99,3.72,4.23,13,24.0
29-9099,2.2,2.8,4.54,4.21,4.41,2.54,3.3,1.15,4.44,4.59,4.25,4.66,4.6,13,22.0
31-1121,1.7900000000000003,3.4300000000000006,3.47,3.7099999999999995,4.3,3.6100000000000003,2.22,1.27,3.17,4.21,3.3300000000000005,3.8500000000000005,1.7900000000000003,13,41.61538461538461
31-1122,1.37,4.08,3.16,4.07,3.74,4.05,2.12,1.41,3.19,3.9500000000000006,3.6199999999999997,3.74,2.2,13,23.53846153846154
31-1131,1.92,3.71,3.11,3.68,4.54,4.41,1.69,1.84,3.9700000000000006,4.66,3.67,2.9400000000000004,2.61,13,28.615384615384617
31-1132,1.73,4.23,4.07,4.42,4.51,4.6,1.9,2.05,4.63,4.51,3.39,4.81,2.92,13,30.46153846153846
31-1133,1.97,3.71,3.65,3.46,3.72,3.22,3.05,2.79,3.7700000000000005,4.52,3.19,3.75,3.87,13,19.923076923076923
31-2011,1.47,4.7,4.55,4.68,4.47,4.16,2.15,1.29,4.49,4.6,2.97,2.99,3.53,13,19.153846153846153
31-2012,1.77,4.11,3.77,3.83,3.82,3.74,2.55,2.07,4.94,4.55,3.05,3.8199999999999994,3.49,13,17.923076923076923
31-2021,1.29,3.5200000000000005,3.91,4.9,3.3600000000000003,3.8199999999999994,2.23,1.08,4.94,4.62,4.09,4.26,2.86,13,19.923076923076923
31-2022,1.35,3.04,3.8500000000000005,3.68,3.3899999999999997,4.09,2.01,1.01,4.11,4.69,3.6399999999999997,4.07,3.81,13,20.615384615384617
31-9011,1.27,2.28,4.54,4.32,3.04,4.23,2.04,1.2,4.69,2.5,4.15,4.23,3.62,13,25.76923076923077
31-9091,1.27,3.44,3.52,3.7300000000000004,4.37,3.69,2.58,1.0,3.9599999999999995,4.6,3.82,4.5,3.8600000000000003,13,18.76923076923077
31-9092,2.11,3.8,3.22,3.85,4.38,2.94,3.1,1.0,4.64,4.46,4.0,4.37,3.55,13,19.846153846153847
31-9093,1.9599999999999997,4.28,4.03,4.1,4.6,4.13,1.87,1.0,5.0,4.33,4.04,5.0,4.12,13,21.846153846153847
31-9094,1.6,4.11,3.76,3.78,4.8,2.79,3.61,1.23,4.98,4.56,3.74,4.34,4.41,13,15.76923076923077
31-9095,1.64,3.47,3.68,3.43,4.49,4.89,1.6499999999999997,1.39,4.92,4.66,4.53,4.91,3.7099999999999995,13,23.846153846153847
31-9096,1.75,3.78,3.4599999999999995,4.18,4.7,4.78,1.86,2.66,4.93,4.3,3.73,4.4,3.64,13,23.846153846153847
31-9097,2.18,4.45,3.82,4.14,4.81,4.27,2.23,1.27,4.09,4.59,4.27,4.68,4.27,13,21.923076923076923
31-9099,1.9292857142857143,3.6232558139534885,3.503720930232558,3.9580952380952383,4.420930232558139,3.7895238095238093,2.4609302325581393,1.0242857142857142,4.05609756097561,4.38,3.4362790697674415,3.7451282051282053,4.0200000000000005,13,42.0
33-1011,2.47,4.16,4.13,4.68,3.84,3.3300000000000005,2.5800000000000005,3.59,4.759999999999999,4.660000000000001,3.38,4.92,4.95,13,27.846153846153847
33-1012,2.56,3.5,4.429999999999999,4.46,4.25,2.82,3.48,4.320000000000001,4.03,4.35,4.79,5.0,4.95,13,29.615384615384617
33-1021,2.42,3.53,4.49,4.32,4.33,3.16,2.5,4.54,3.8,4.74,4.59,4.62,4.55,13,87.3076923076923
33-1091,2.71,3.41,4.63,4.71,4.7,2.78,2.95,3.66,3.47,4.86,4.77,4.95,4.91,13,20.307692307692307
33-2011,2.39,3.6,3.94,4.13,4.27,3.43,2.49,4.47,3.4,4.71,4.52,4.24,3.95,13,73.15384615384616
33-2021,2.26,3.9400000000000004,4.54,4.4,4.53,3.25,2.51,4.33,4.12,4.19,4.68,4.92,4.9,13,45.38461538461539
33-2022,2.56,3.81,4.56,4.32,4.05,3.45,2.72,4.63,3.49,4.86,4.36,4.77,4.73,13,18.0
33-3011,1.66,3.24,3.76,3.78,4.08,3.41,2.91,2.11,4.24,4.42,4.4,3.75,3.62,13,16.846153846153847
33-3012,2.38,4.45,4.22,4.29,4.5,3.43,3.28,2.87,4.49,4.57,4.17,4.85,4.49,13,27.846153846153847
33-3021,2.425343511450382,3.682213740458015,4.4898473282442755,4.210307692307692,4.5569465648854965,2.6023846153846155,3.7190000000000003,3.553178294573643,4.619076923076923,4.43765625,4.344076923076924,4.795769230769231,4.883435114503817,13,130.15384615384616
33-3031,2.71,3.9400000000000004,4.76,4.08,4.14,3.0,3.16,4.87,3.01,4.06,4.84,4.9,4.84,13,33.61538461538461
33-3041,1.49,2.83,3.74,4.87,4.01,3.22,3.49,4.98,1.92,4.11,4.45,2.83,2.82,13,25.692307692307693
33-3051,2.6226,3.933267326732673,4.419,4.654599999999999,4.674554455445545,3.0090999999999997,3.3927272727272726,4.407623762376238,3.4698019801980196,4.58,4.8365,4.6854,4.4306,13,100.23076923076923
33-3052,2.64,3.8,4.41,4.43,4.35,3.04,3.03,4.73,2.66,4.1,4.71,4.48,4.96,13,28.846153846153847
33-9011,2.46,3.96,4.54,4.58,4.08,3.1499999999999995,2.92,4.92,3.96,4.0,4.77,5.0,4.92,13,26.0
33-9021,2.31,4.32,4.61,3.98,4.74,1.9,4.2,2.72,3.8700000000000006,3.31,4.19,4.93,4.8,13,34.69230769230769
33-9031,2.09,3.14,4.39,4.44,4.83,1.83,4.77,1.65,4.95,4.46,3.32,4.89,4.66,13,30.76923076923077
33-9032,2.17,3.05,4.44,3.6800000000000006,4.41,3.4200000000000004,3.21,3.3,4.36,4.21,4.91,4.63,4.33,13,19.53846153846154
33-9091,1.0,2.21,4.25,4.22,3.9,4.82,1.19,4.99,1.44,3.33,4.46,2.03,1.92,13,31.76923076923077
33-9092,1.55,2.98,3.82,4.11,3.65,3.08,3.2,3.69,3.89,4.59,3.9400000000000004,3.54,4.18,13,32.92307692307692
33-9093,2.12,3.41,3.0,3.81,4.33,4.3,1.96,1.8899999999999997,4.7,4.58,4.22,2.96,3.85,13,26.846153846153847
33-9099,2.05,3.45,4.51,4.09,4.3,2.73,3.09,1.5,4.55,4.76,4.25,4.75,4.38,13,30.692307692307693
35-1011,2.7900000000000005,4.75,3.67,4.61,3.6199999999999997,4.62,1.71,1.96,4.79,4.46,3.7900000000000005,4.54,4.88,13,23.923076923076923
35-1012,1.88,3.44,3.74,3.27,4.1,3.75,1.87,1.21,4.68,4.43,4.1,4.7,3.07,13,24.53846153846154
35-2011,1.1,3.26,3.09,3.49,3.9,4.37,1.42,1.05,2.97,3.87,3.5400000000000005,3.56,1.63,13,18.846153846153847
35-2012,1.75,4.4,3.65,3.78,3.9199999999999995,4.72,1.52,1.09,4.62,4.47,3.21,3.1699999999999995,2.07,13,48.30769230769231
35-2013,1.88,4.15,4.04,3.38,3.58,4.77,1.5,1.73,4.0,2.42,2.96,3.73,4.42,13,26.0
35-2014,1.77,3.03,3.78,4.01,4.1,4.76,1.23,2.07,4.71,4.08,2.67,2.05,1.73,13,22.615384615384617
35-2015,1.9699999999999998,3.52,4.11,3.43,3.33,4.75,1.3,1.84,4.45,3.92,2.42,2.59,1.14,13,23.46153846153846
35-2021,1.92,3.9100000000000006,2.93,3.1699999999999995,4.15,4.42,1.59,1.7,4.68,3.89,2.27,3.01,1.99,13,21.846153846153847
35-3011,1.21,1.75,4.03,3.65,3.88,4.57,1.44,1.19,3.95,3.64,4.25,2.87,1.97,13,24.692307692307693
35-3023,1.4928571428571429,2.3009523809523804,4.267377049180327,3.511206896551724,3.9299999999999997,4.553809523809524,1.6252380952380951,1.9295238095238094,4.049516129032258,4.481428571428572,4.394590163934426,3.455714285714286,2.202857142857143,13,62.23076923076923
35-3031,1.03,2.79,3.4,3.3899999999999997,3.54,4.67,1.27,2.31,4.3,4.46,3.46,3.6100000000000003,1.81,13,39.76923076923077
35-3041,1.94,4.43,3.78,3.91,3.93,4.7,1.37,1.38,3.52,4.36,3.66,3.32,2.73,13,28.846153846153847
35-9011,1.84,2.87,3.12,3.28,3.8799999999999994,4.84,1.27,1.31,3.8,4.62,3.9400000000000004,3.57,1.77,13,16.923076923076923
35-9021,1.83,3.35,2.69,2.34,3.24,4.2,1.86,1.93,4.64,3.77,2.3,2.22,2.14,13,23.692307692307693
35-9031,1.6200000000000003,2.18,4.16,4.19,3.84,4.82,1.7400000000000002,1.48,4.67,4.66,3.93,4.24,1.58,13,22.923076923076923
37-1011,2.01,4.36,3.63,3.75,4.01,3.76,2.41,2.38,4.59,4.62,3.08,4.54,4.61,13,21.846153846153847
37-1012,2.65,4.29,4.11,4.44,4.01,3.72,2.34,4.95,2.86,4.65,4.1,4.53,4.1,13,17.0
37-2011,1.95,2.9599999999999995,4.43,3.03,3.23,4.03,1.8099999999999998,2.68,4.23,3.15,2.22,2.91,3.3699999999999997,13,23.923076923076923
37-2012,1.98,3.9,3.21,2.67,3.63,4.79,1.3100000000000003,1.3100000000000003,4.29,3.91,3.29,2.48,1.59,13,27.384615384615383
37-2021,2.41,4.14,4.48,4.38,4.11,3.85,2.31,4.67,3.21,3.17,4.0,4.64,1.66,13,42.76923076923077
37-3011,2.14,3.28,2.53,2.72,3.19,4.33,1.83,4.98,1.58,3.98,2.26,2.41,1.5,13,30.692307692307693
37-3012,2.35,4.17,4.28,4.53,4.21,3.3699999999999997,2.53,4.76,2.14,3.6,3.99,4.2,2.64,13,23.923076923076923
37-3013,2.19,3.71,4.39,4.49,3.8199999999999994,4.22,2.03,4.91,1.08,4.23,3.43,3.9000000000000004,1.9300000000000002,13,17.846153846153847
39-1013,2.26,4.0,3.6900000000000004,4.24,4.54,4.23,1.87,1.25,4.839999999999999,4.73,4.9,3.73,4.6,13,28.846153846153847
39-1022,2.65,4.4,4.57,4.51,4.73,3.04,3.12,2.78,4.72,4.83,4.0,4.84,4.43,13,15.923076923076923
39-2011,1.84,2.89,4.78,3.72,3.45,4.3,1.86,4.19,2.96,3.62,3.9,4.03,3.81,13,39.61538461538461
39-2021,1.69,3.32,3.64,4.19,3.53,4.31,1.54,4.03,4.77,4.56,3.62,3.9800000000000004,3.37,13,34.61538461538461
39-3011,1.75,2.32,2.38,4.25,4.65,4.57,1.6700000000000002,1.0,4.63,4.39,4.41,1.41,2.01,13,25.692307692307693
39-3012,1.34,2.71,3.06,3.3,4.34,3.96,2.07,1.0,4.71,4.44,4.14,2.74,1.51,13,26.384615384615383
39-3021,1.3599999999999999,3.56,3.98,3.68,4.3,2.8400000000000003,2.86,1.81,4.73,3.46,2.87,3.85,3.55,13,25.76923076923077
39-3031,1.17,2.46,3.68,3.28,3.74,4.12,2.04,1.63,4.78,3.95,4.54,3.7,2.28,13,30.76923076923077
39-3091,1.11,1.9799999999999998,3.47,3.2000000000000006,2.89,4.1,2.26,3.78,2.64,4.18,4.85,2.33,2.45,13,23.923076923076923
39-3092,2.24,4.21,4.2,3.53,4.08,3.16,3.02,1.46,4.78,4.83,2.75,3.48,3.8400000000000003,13,34.84615384615385
39-3093,1.7199999999999998,3.24,3.87,3.3100000000000005,3.22,4.16,1.96,1.65,4.7,3.95,4.42,3.5399999999999996,1.18,13,22.0
39-4011,2.49,4.74,4.49,4.68,4.57,3.32,2.56,3.6999999999999997,4.86,4.14,4.62,4.94,4.65,13,19.0
39-4021,1.49,3.66,3.6000000000000005,3.52,4.05,3.3,2.76,3.23,3.8,4.22,4.0,3.75,3.28,13,20.76923076923077
39-4031,2.53,3.74,4.24,4.4,4.54,3.1199999999999997,2.8099999999999996,3.49,4.56,4.25,4.56,4.79,3.67,13,23.615384615384617
39-5011,2.41,2.39,4.79,2.92,4.37,4.62,1.8799999999999997,1.0,3.66,3.23,3.37,4.59,1.6,13,19.923076923076923
39-5012,1.43,3.41,4.76,3.86,4.27,4.61,1.7699999999999998,1.0,4.41,3.91,4.48,4.97,2.2,13,22.76923076923077
39-5091,2.38,4.5,4.15,3.19,3.9,4.05,2.29,3.6699999999999995,4.29,4.57,3.05,4.2,4.79,13,20.53846153846154
39-5092,1.86,2.23,3.8999999999999995,2.03,3.78,2.1,4.05,1.0,4.17,3.47,2.4,2.9,1.25,13,21.0
39-5093,1.63,3.33,3.62,4.11,4.73,4.79,1.46,1.32,4.95,4.45,4.03,3.8799999999999994,1.29,13,34.23076923076923
39-5094,1.48,2.5899999999999994,4.34,4.68,3.86,3.2,2.83,1.01,4.99,3.9,4.58,4.1,3.29,13,14.923076923076923
39-6011,1.99,2.38,4.33,3.9,3.29,4.18,1.79,4.78,4.73,4.28,4.35,4.23,2.71,13,16.0
39-6012,1.95,3.86,4.41,3.23,3.76,3.36,2.9100000000000006,1.5699999999999998,4.64,4.0,4.27,4.91,5.0,13,21.846153846153847
39-7011,1.28,3.41,4.06,3.64,3.82,3.8,2.05,2.76,3.43,4.21,4.37,3.09,3.27,13,24.76923076923077
39-7012,1.9599999999999997,4.07,4.77,4.61,4.29,2.8,3.54,3.2,3.69,4.38,4.34,4.91,4.72,13,20.53846153846154
39-9011,2.037752808988764,3.3147126436781607,4.156404494382023,3.3665116279069767,3.3002272727272723,3.6952808988764043,2.5191011235955054,2.838181818181818,4.040909090909091,4.1585882352941175,2.9837500000000006,3.384823529411765,2.9761797752808987,13,87.6923076923077
39-9031,1.86,2.95,4.62,3.76,2.95,4.45,1.86,2.29,5.0,3.52,4.38,3.6199999999999997,4.14,13,20.923076923076923
39-9032,1.81,3.3,4.1,3.65,3.29,2.94,2.91,2.18,4.32,4.49,3.5400000000000005,4.54,3.47,13,24.846153846153847
39-9041,2.06,3.67,3.85,3.55,3.52,2.75,3.19,2.86,3.81,4.33,3.43,4.19,4.6,13,31.0
41-1011,2.12,4.22,4.3,4.22,3.9900000000000007,3.86,2.31,2.05,4.68,4.76,4.55,4.74,4.09,13,23.0
41-1012,2.88,4.64,4.05,4.54,4.22,2.49,3.71,2.87,4.65,4.66,4.23,4.97,5.0,13,34.84615384615385
41-2011,1.55,3.06,3.45,4.06,3.9,4.08,1.98,2.21,3.92,4.02,3.72,4.53,2.76,13,19.46153846153846
41-2012,1.93,3.38,3.11,4.23,4.84,4.429999999999999,1.85,1.36,4.05,3.67,4.28,4.0,1.85,13,29.76923076923077
41-2021,1.91,3.27,3.94,4.04,4.0,3.19,3.06,2.83,4.64,4.52,4.43,5.0,3.99,13,21.0
41-2022,2.54,4.07,4.55,3.99,4.02,3.83,2.6,3.3,4.24,4.88,4.84,4.78,4.45,13,17.76923076923077
41-2031,1.85,3.42,3.43,4.15,4.15,4.07,2.14,2.58,4.16,4.35,4.6,4.61,3.89,13,29.692307692307693
41-3011,2.43,4.46,4.55,4.33,4.03,2.4,3.59,2.7399999999999998,3.3700000000000006,4.34,4.81,5.0,5.0,13,27.923076923076923
41-3021,2.81,4.52,3.8800000000000003,4.81,4.7,1.9200000000000002,4.6,2.35,4.06,3.67,4.97,5.0,5.0,13,17.923076923076923
41-3031,2.29,3.8599999999999994,4.33,4.3,4.55,1.95,4.27,1.19,4.16,4.11,4.28,4.93,4.96,13,93.6923076923077
41-3041,2.16,3.7300000000000004,4.03,3.74,4.78,1.67,4.86,1.06,3.13,3.43,4.43,5.0,4.98,13,22.53846153846154
41-4011,2.6214893617021278,3.6580851063829787,4.174255319148935,4.345319148936171,4.283404255319149,2.4993478260869564,3.703829787234042,2.3770212765957446,3.7576595744680854,4.37872340425532,4.252173913043479,4.996170212765957,4.992340425531915,13,46.84615384615385
41-4012,2.65,3.78,4.51,4.72,3.75,2.74,3.35,2.74,4.63,4.91,4.91,4.99,4.77,13,23.0
41-9011,1.59,3.82,4.04,3.7699999999999996,3.34,4.51,1.6,1.32,4.11,3.85,4.44,3.33,3.6399999999999997,13,19.0
41-9012,1.0,1.67,3.73,2.94,2.76,2.6,3.38,1.38,4.77,3.32,2.16,3.0,3.45,13,16.692307692307693
41-9021,2.54,3.9200000000000004,4.89,4.59,4.03,2.37,3.6700000000000004,3.87,4.75,4.26,4.46,5.0,5.0,13,19.923076923076923
41-9022,2.71,4.52,4.57,4.35,4.05,2.74,3.24,3.32,3.9499999999999997,3.63,3.8600000000000003,4.95,5.0,13,20.153846153846153
41-9031,2.55,4.02,4.46,4.56,3.9700000000000006,2.05,3.72,1.18,4.65,4.19,4.57,4.87,5.0,13,16.923076923076923
41-9041,1.37,3.74,3.53,3.25,4.58,1.5400000000000003,4.85,1.28,4.51,3.28,4.45,4.929999999999999,3.82,13,14.846153846153847
41-9091,1.12,3.0400000000000005,4.79,2.92,2.9599999999999995,3.08,2.9599999999999995,1.62,2.83,3.05,4.7,4.55,4.48,13,23.46153846153846
43-1011,2.39,4.04,4.03,3.9600000000000004,4.23,2.14,4.3,1.21,3.83,4.53,4.0,4.93,4.55,13,45.38461538461539
43-2011,1.42,3.2200000000000006,3.71,4.49,3.93,2.34,3.69,1.3,4.33,4.35,4.39,5.0,4.61,13,26.615384615384617
43-2021,1.79,3.69,3.72,4.18,4.17,2.46,3.82,1.0,4.27,4.67,4.68,5.0,4.48,13,16.846153846153847
43-3011,2.04,3.8999999999999995,3.24,4.27,4.04,1.76,4.64,1.17,4.83,3.5,3.9699999999999998,4.62,3.96,13,25.923076923076923
43-3021,2.22,3.93,4.09,3.6100000000000003,4.29,2.07,4.63,1.27,4.1,4.03,3.33,4.72,4.73,13,41.76923076923077
43-3031,1.9700000000000002,3.87,3.75,3.92,4.68,2.07,4.46,1.4,4.81,3.92,3.61,4.79,4.92,13,45.69230769230769
43-3041,1.84,4.07,3.2599999999999993,3.9800000000000004,4.97,4.05,2.33,1.29,4.93,4.28,4.6,3.34,2.4,13,23.0
43-3051,2.15,4.25,3.49,3.86,4.91,1.99,4.79,1.12,4.43,4.5,2.29,4.69,4.65,13,23.846153846153847
43-3061,2.22,3.4200000000000004,4.35,4.46,4.85,2.07,4.23,1.33,3.8,4.26,3.4,4.94,5.0,13,20.0
43-3071,1.91,3.53,3.67,4.33,4.8,3.5499999999999994,3.1300000000000003,1.22,4.69,4.53,4.06,4.88,4.83,13,23.923076923076923
43-4011,2.04,4.61,3.88,3.8899999999999997,4.73,2.36,4.11,1.0,4.54,4.35,4.44,5.0,5.0,13,18.923076923076923
43-4021,2.19,3.83,4.16,3.9400000000000004,4.52,1.9700000000000002,4.63,1.05,4.3,4.38,3.82,4.74,5.0,13,17.0
43-4031,1.83,4.08,3.88,3.63,4.36,2.26,4.24,1.19,4.21,4.2,4.41,4.85,4.65,13,91.38461538461539
43-4041,2.33,4.67,4.38,4.51,4.7,1.86,4.67,1.15,4.12,4.63,4.66,5.0,4.82,13,0.0
43-4051,2.0,4.55,3.05,3.89,4.53,3.23,4.0,1.29,4.83,4.03,4.79,5.0,4.33,13,27.0
43-4061,1.87,4.28,3.6299999999999994,4.37,4.64,1.88,4.68,1.38,3.96,4.25,4.28,4.75,5.0,13,27.0
43-4071,2.27,4.15,3.43,3.2,4.16,2.37,4.18,1.19,4.02,4.11,3.89,5.0,4.21,13,21.846153846153847
43-4081,1.89,3.2,4.2,4.31,4.14,3.95,2.26,1.42,4.37,4.8,4.72,4.84,4.67,13,38.46153846153846
43-4111,2.19,4.2,3.76,4.13,4.67,1.8099999999999998,4.59,1.28,4.23,4.92,4.36,4.73,4.92,13,20.615384615384617
43-4121,1.8,3.38,3.9,3.9,4.17,2.78,3.12,1.45,4.44,4.35,3.84,4.58,4.77,13,30.23076923076923
43-4131,2.35,4.53,4.42,4.62,4.7,2.0,4.69,1.05,4.91,4.11,4.73,5.0,4.32,13,20.384615384615383
43-4141,2.11,3.9700000000000006,3.32,3.9599999999999995,4.67,2.97,3.42,1.46,4.16,4.1,4.47,4.9,4.87,13,16.846153846153847
43-4151,2.35,4.16,3.81,3.5199999999999996,4.11,2.45,4.19,1.65,4.98,4.01,4.01,4.53,4.78,13,19.846153846153847
43-4161,2.48,4.27,3.98,3.41,4.72,2.08,4.27,1.06,3.75,4.63,3.9900000000000007,4.93,5.0,13,32.76923076923077
43-4171,1.67,2.71,3.95,4.56,3.72,2.39,4.06,1.02,4.34,4.13,4.320000000000001,5.0,4.49,13,31.615384615384617
43-4181,1.38,4.49,4.05,4.61,4.68,3.26,3.03,2.94,4.75,4.44,4.62,4.56,3.13,13,19.76923076923077
43-5011,2.521714285714286,4.440857142857143,3.874571428571429,3.974,3.990571428571429,1.9468571428571428,4.351714285714285,1.7705714285714285,4.1891428571428575,4.005428571428571,3.9188571428571426,4.768571428571428,4.619999999999999,13,34.92307692307692
43-5021,1.9600000000000002,4.71,4.79,3.44,4.14,2.43,4.23,3.6499999999999995,3.93,4.11,3.37,4.96,4.42,13,20.46153846153846
43-5031,2.51,4.22,4.33,4.78,4.82,1.74,4.99,1.03,5.0,4.82,4.99,5.0,4.71,13,23.923076923076923
43-5032,2.62,4.48,4.51,4.85,4.58,2.29,4.18,2.12,3.72,4.69,3.8600000000000003,5.0,4.61,13,20.0
43-5041,1.82,3.97,3.82,3.8300000000000005,4.33,3.79,2.4199999999999995,5.0,1.6199999999999999,3.91,4.06,3.77,2.18,13,27.923076923076923
43-5051,2.29,3.67,3.13,3.48,4.28,4.34,1.84,1.7999999999999998,4.44,4.06,4.43,3.8899999999999997,2.69,13,35.30769230769231
43-5052,2.23,4.12,3.38,3.93,4.5,3.48,2.71,4.91,4.1,2.87,4.05,2.6,1.22,13,44.46153846153846
43-5053,2.32,4.69,3.24,3.3600000000000003,4.04,4.31,1.8499999999999999,1.37,4.99,4.04,1.41,1.93,1.7399999999999998,13,43.07692307692308
43-5061,2.71,4.55,4.59,4.23,4.46,2.19,4.15,1.8999999999999997,4.25,4.72,3.46,4.76,4.52,13,24.615384615384617
43-5071,2.28,4.57,4.14,3.48,4.44,3.25,2.9100000000000006,2.17,2.61,4.26,4.19,4.45,4.83,13,21.846153846153847
43-5111,2.28,4.26,3.52,3.11,4.52,3.83,2.36,1.65,3.62,4.11,3.24,3.7,3.13,13,30.615384615384617
43-6011,2.2,3.86,4.26,3.26,4.5,1.96,4.42,1.15,4.36,4.6,3.86,4.99,4.96,13,44.76923076923077
43-6012,1.66,4.01,3.61,3.3800000000000003,4.43,2.41,4.14,1.02,3.8,3.71,3.5600000000000005,4.25,5.0,13,21.53846153846154
43-6013,1.6699999999999997,3.95,3.8099999999999996,3.51,4.53,1.81,4.59,1.0,4.04,4.4,3.6,4.9,4.83,13,29.846153846153847
43-6014,1.99,4.09,3.7799999999999994,3.4699999999999998,4.22,1.98,4.57,1.3600000000000003,4.01,4.59,3.98,4.93,4.76,13,53.69230769230769
43-9021,1.92,4.21,4.52,3.33,4.87,1.49,4.89,1.0,4.1,4.05,2.34,4.18,4.3,13,18.615384615384617
43-9022,1.9,3.96,3.6699999999999995,2.6,4.68,1.8299999999999998,4.9,1.06,4.11,4.05,4.46,5.0,4.86,13,34.69230769230769
43-9031,2.22,4.52,3.9,3.14,4.43,1.55,4.63,1.4800000000000002,4.76,3.8999999999999995,3.08,4.06,5.0,13,21.76923076923077
43-9041,1.82,3.94,3.76,3.79,4.52,1.54,4.89,1.04,4.42,4.05,3.58,4.82,5.0,13,51.38461538461539
43-9051,2.24,4.11,4.04,4.7,4.48,3.84,3.26,1.16,4.97,4.34,3.64,4.86,4.72,13,30.846153846153847
43-9061,1.89,3.77,3.28,3.08,4.6,2.19,4.38,1.16,4.66,4.46,4.29,4.88,4.76,13,81.46153846153847
43-9071,1.7899999999999998,4.38,3.6100000000000003,2.85,3.77,3.25,2.56,1.7299999999999998,3.93,3.78,3.6700000000000004,4.12,4.53,13,18.692307692307693
43-9081,1.53,4.7,3.99,3.5900000000000003,4.89,1.46,4.85,1.21,4.74,4.53,2.6,3.6500000000000004,4.7,13,18.0
43-9111,2.3,3.63,4.03,3.22,4.46,1.68,4.79,1.22,4.39,4.09,3.0,4.39,4.99,13,36.92307692307692
45-1011,2.66,3.88,4.45,4.2,3.96,3.2,2.6600000000000006,4.49,3.39,4.13,3.23,4.56,3.66,13,97.76923076923077
45-2011,2.18,3.9,4.17,3.93,4.62,3.63,2.74,3.92,3.93,3.96,4.29,4.0,3.56,13,30.923076923076923
45-2021,1.95,2.44,4.94,3.16,3.34,3.45,2.31,4.25,1.68,2.77,2.88,3.46,2.95,13,16.46153846153846
45-2041,2.27,4.18,2.91,3.07,3.5699999999999994,4.65,1.37,1.65,4.32,3.79,1.75,1.7899999999999998,1.7600000000000002,13,19.846153846153847
45-2091,2.69,3.4,3.18,2.72,3.72,2.94,3.12,4.3,2.12,3.7900000000000005,1.8799999999999997,3.4400000000000004,2.22,13,23.53846153846154
45-2092,2.43,3.74,3.04,2.41,3.27,3.61,1.59,4.45,2.19,3.43,2.39,2.38,1.97,13,50.46153846153846
45-2093,2.08,2.37,3.9699999999999998,3.57,3.3700000000000006,4.13,1.84,4.12,1.49,3.65,3.07,3.98,2.3799999999999994,13,26.53846153846154
45-3031,2.7,3.05,4.4,3.32,3.24,4.0,2.19,4.89,1.5,3.25,3.19,3.95,3.48,13,20.153846153846153
45-4011,2.07,3.0,4.21,4.09,3.3699999999999997,3.3899999999999997,2.53,4.7,3.02,4.33,3.91,4.58,4.89,13,20.46153846153846
45-4021,1.98,2.83,4.82,4.26,4.1,4.4,1.78,4.94,1.1,3.3800000000000003,1.84,2.72,1.33,13,20.846153846153847
45-4022,2.84,3.19,4.03,4.55,3.79,2.0,4.36,4.23,1.87,4.36,2.49,4.04,1.9399999999999997,13,17.846153846153847
45-4023,2.68,3.81,4.35,4.63,4.12,3.35,3.04,4.96,2.19,3.5,3.29,3.5299999999999994,2.98,13,26.615384615384617
47-1011,2.626346153846154,4.144615384615384,4.597307692307693,4.816,4.3640384615384615,3.7220000000000004,2.524117647058824,4.4266,2.9134,4.4724,3.8182352941176476,4.8788,4.645,13,50.92307692307692
47-2011,2.8,4.09,4.11,4.18,4.53,4.09,2.09,3.27,4.29,4.43,3.7799999999999994,4.95,4.25,13,17.0
47-2021,2.2,4.08,3.97,3.64,4.12,4.86,1.38,4.97,1.68,4.27,2.74,4.13,2.53,13,15.846153846153847
47-2022,1.64,3.67,4.34,4.36,4.6,4.69,1.08,4.76,1.72,4.85,4.11,4.33,3.4,13,17.692307692307693
47-2031,2.37,4.43,3.6300000000000003,4.22,4.55,4.6,1.44,3.91,3.04,4.48,2.97,3.9199999999999995,2.73,13,41.84615384615385
47-2041,2.24,4.24,4.87,4.08,3.9600000000000004,2.24,1.37,2.06,4.28,3.8,3.35,4.4,1.19,13,21.923076923076923
47-2042,1.9,3.32,4.39,3.86,4.19,2.73,1.6,1.76,3.8399999999999994,3.61,3.32,4.19,1.04,13,14.923076923076923
47-2043,2.08,3.9700000000000006,4.45,4.05,4.37,4.12,1.79,1.85,4.23,3.6599999999999997,3.12,3.9500000000000006,1.76,13,17.923076923076923
47-2044,2.42,3.57,3.6000000000000005,3.4,4.54,4.05,1.43,2.81,3.34,3.75,2.56,3.48,2.06,13,20.846153846153847
47-2051,2.22,3.77,3.36,3.67,4.44,4.82,1.39,4.81,1.56,4.32,2.69,3.25,2.22,13,17.692307692307693
47-2053,2.08,4.29,3.05,3.2,4.31,4.38,1.25,1.9700000000000002,3.0800000000000005,4.31,2.14,3.41,1.42,13,22.53846153846154
47-2061,2.02,4.11,3.3500000000000005,3.8699999999999997,3.71,4.65,1.49,4.63,1.8000000000000003,4.16,2.21,4.31,1.45,13,21.0
47-2071,2.3,3.46,3.44,3.22,3.48,3.21,3.08,4.3,1.9,3.7,3.07,4.18,2.36,13,15.0
47-2072,2.4,3.6300000000000003,4.03,4.15,4.18,3.31,3.1,4.98,1.4400000000000002,4.6,2.44,3.48,2.16,13,24.0
47-2073,2.51,4.04,4.01,4.83,3.9100000000000006,2.79,3.1600000000000006,5.0,1.2,4.04,3.49,4.08,1.34,13,21.923076923076923
47-2081,1.9,3.7300000000000004,4.01,3.67,4.43,4.86,1.32,3.13,2.51,3.9,2.95,4.07,1.8700000000000003,13,22.692307692307693
47-2082,1.9599999999999997,3.9100000000000006,3.98,3.6300000000000003,3.7,4.78,1.2,1.91,2.43,3.79,2.23,3.66,1.35,13,21.46153846153846
47-2111,2.35,4.32,4.5,4.32,4.72,4.55,1.8099999999999998,4.13,3.27,4.54,3.8400000000000003,4.51,3.9500000000000006,13,17.76923076923077
47-2121,2.13,3.93,4.0,4.05,4.42,4.28,1.6700000000000002,4.44,2.93,4.38,2.93,3.71,2.32,13,25.846153846153847
47-2131,1.99,4.04,3.9399999999999995,3.6600000000000006,3.49,4.63,1.67,3.89,1.9599999999999997,3.92,2.9100000000000006,3.62,1.51,13,21.615384615384617
47-2132,2.26,4.27,4.23,3.85,3.94,4.71,1.46,3.29,2.77,4.18,3.31,4.09,2.78,13,31.615384615384617
47-2141,1.9899999999999998,4.6,4.29,3.3299999999999996,4.44,4.94,1.06,2.87,3.01,4.13,3.9300000000000006,4.78,3.2299999999999995,13,20.0
47-2142,2.12,4.03,4.11,3.99,3.92,4.44,1.56,2.75,2.52,3.35,2.48,3.06,1.18,13,27.615384615384617
47-2151,2.17,3.65,3.6699999999999995,4.37,4.03,4.37,1.66,4.9,1.4599999999999997,4.589999999999999,3.15,3.48,2.27,13,14.0
47-2152,2.283114754098361,4.299333333333333,4.46655737704918,4.397540983606557,4.13360655737705,4.4206666666666665,1.6426666666666667,3.96344262295082,3.1262711864406776,4.0775,3.325,4.095,3.47,13,60.30769230769231
47-2161,1.9199999999999997,3.24,3.23,4.12,4.17,4.62,1.23,4.35,1.5800000000000003,4.33,2.1,3.4,1.62,13,22.0
47-2171,1.72,4.43,3.14,3.2899999999999996,3.43,4.1,1.32,4.6,1.7800000000000002,4.18,2.62,3.9399999999999995,2.13,13,21.846153846153847
47-2181,2.12,4.18,3.7899999999999996,3.88,4.28,3.87,1.68,4.98,1.5800000000000003,4.16,3.37,4.57,1.81,13,21.692307692307693
47-2211,2.28,3.98,3.4,3.2,4.44,4.84,1.48,2.51,3.22,3.71,2.96,2.08,2.06,13,15.0
47-2221,2.32,4.24,3.68,3.83,4.13,4.61,1.61,4.8,1.7,4.4,3.03,3.44,2.31,13,39.46153846153846
47-2231,2.12,3.89,4.2,4.15,4.39,4.27,2.16,4.69,2.97,4.78,3.34,4.59,3.72,13,23.846153846153847
47-3011,2.03,4.44,3.07,3.08,3.85,4.37,1.35,4.32,1.75,4.27,3.28,3.61,1.11,13,22.692307692307693
47-3012,2.06,4.0,4.12,3.5400000000000005,4.25,4.62,1.6,4.16,2.9,4.07,2.54,3.75,2.05,13,20.307692307692307
47-3013,1.9799999999999998,3.91,3.56,3.73,4.2,4.62,1.55,3.9500000000000006,3.2900000000000005,4.42,2.94,3.52,2.29,13,23.692307692307693
47-3014,2.05,3.64,3.36,3.86,3.27,4.49,1.25,3.96,2.01,4.51,2.5,3.57,1.08,13,28.46153846153846
47-3015,2.33,3.84,3.06,3.78,3.5199999999999996,4.24,1.89,4.48,2.99,3.9200000000000004,3.3899999999999997,3.5799999999999996,1.24,13,19.692307692307693
47-3016,2.01,3.1,3.21,2.85,3.95,4.570000000000001,1.75,4.5,1.65,4.14,3.01,2.62,1.79,13,29.46153846153846
47-4011,2.185,4.09074074074074,4.465185185185185,4.128333333333334,3.964259259259259,3.1505555555555556,2.7409259259259255,4.071851851851853,3.7777358490566035,3.9624074074074076,4.037777777777778,4.679245283018868,4.890185185185185,13,53.84615384615385
47-4021,2.74,4.08,3.99,4.97,4.54,4.03,2.16,3.26,4.41,3.81,4.4,4.74,4.71,13,18.692307692307693
47-4031,2.11,4.52,4.23,2.74,4.07,4.46,1.68,4.76,3.06,4.03,3.6599999999999997,4.35,1.45,13,17.846153846153847
47-4041,2.05,3.8800000000000003,3.32,3.3500000000000005,3.75,3.8699999999999997,2.25,3.5800000000000005,3.43,4.09,3.3699999999999997,4.12,2.79,13,21.0
47-4051,2.01,3.7200000000000006,3.5100000000000002,4.23,4.1,3.95,2.77,4.94,2.07,4.64,3.73,3.54,2.72,13,27.615384615384617
47-4061,2.45,3.9,4.0,3.57,3.92,3.7899999999999996,2.36,4.95,1.39,4.34,2.59,4.4,2.15,13,22.846153846153847
47-4071,2.6,3.82,4.06,4.31,3.39,3.4100000000000006,2.43,4.95,1.86,4.46,4.44,4.74,2.83,13,22.846153846153847
47-4091,2.59,4.06,4.09,4.0,3.75,3.16,3.08,4.35,3.31,4.39,4.73,4.81,2.56,13,18.923076923076923
47-4099,2.04,3.83,3.43,3.22,3.5899999999999994,3.96,1.91,4.41,3.61,4.26,3.7400000000000007,4.27,3.65,13,22.76923076923077
47-5011,2.98,3.21,3.9400000000000004,3.98,3.93,4.48,1.91,4.99,1.04,4.54,3.0,3.25,1.17,13,17.0
47-5012,2.9700000000000006,4.1,4.21,4.51,4.61,4.36,1.75,4.97,1.07,4.86,3.26,3.6,1.5600000000000003,13,26.76923076923077
47-5013,2.86,4.35,4.16,4.88,4.35,4.3,1.8400000000000003,5.0,1.77,4.58,3.03,4.02,2.71,13,17.923076923076923
47-5022,2.81,3.5800000000000005,4.06,4.13,3.8,2.45,4.04,4.1,1.78,4.47,2.21,3.2600000000000002,1.6199999999999999,13,27.384615384615383
47-5023,2.53,3.0,4.51,3.7599999999999993,3.62,4.13,2.13,4.36,1.81,3.2599999999999993,2.61,3.6,1.7100000000000002,13,19.846153846153847
47-5032,2.54,4.35,3.75,4.29,4.5,4.27,1.82,4.92,1.68,4.29,2.96,4.52,2.86,13,23.153846153846153
47-5041,2.47,3.3999999999999995,4.02,4.71,4.11,3.94,2.1,1.9300000000000002,1.32,4.61,1.22,2.25,1.35,13,21.0
47-5043,2.99,4.79,2.93,3.56,3.88,4.91,1.19,2.28,1.06,4.61,1.09,2.14,1.03,13,15.0
47-5044,2.79,3.68,3.14,3.47,3.4599999999999995,2.75,3.27,2.12,1.43,4.45,1.65,2.11,1.27,13,37.53846153846154
47-5051,2.07,2.61,3.41,2.43,3.7399999999999998,4.48,1.53,4.7700000000000005,1.27,3.79,2.17,1.83,1.31,13,14.0
47-5071,2.45,4.28,3.9400000000000004,4.51,3.74,4.16,1.77,4.98,2.2,4.44,2.86,4.51,2.67,13,17.0
47-5081,2.93,3.47,4.12,4.13,3.94,3.65,2.35,4.67,2.81,4.46,2.77,3.86,1.94,13,16.0
49-1011,2.53,3.93,4.36,4.09,4.43,3.01,3.11,3.26,3.35,4.35,3.38,4.84,4.41,13,44.15384615384615
49-2011,2.18,4.24,4.54,4.04,4.01,3.92,2.04,2.25,4.44,3.5499999999999994,4.2,4.93,4.52,13,23.923076923076923
49-2021,2.39,3.48,3.74,3.67,4.25,2.9600000000000004,2.74,3.56,3.5,4.29,3.6600000000000006,4.24,4.23,13,21.923076923076923
49-2022,2.19,4.12,4.47,4.67,4.16,3.54,2.44,4.34,3.0800000000000005,3.81,4.23,4.69,4.77,13,20.923076923076923
49-2091,2.5599999999999996,4.54,3.84,3.75,4.42,3.11,2.98,2.68,4.1,4.05,2.96,3.75,3.92,13,28.846153846153847
49-2092,2.29,4.04,4.11,4.31,4.51,4.4,1.91,2.62,3.14,4.03,3.16,3.7900000000000005,2.74,13,23.76923076923077
49-2093,2.34,4.48,3.71,3.37,4.18,3.98,2.27,4.01,3.7900000000000005,3.5,2.1,2.88,3.2,13,16.923076923076923
49-2094,2.44,3.16,4.25,3.4300000000000006,4.41,3.6,2.66,2.25,4.69,4.26,2.65,3.46,4.3,13,20.0
49-2095,2.34,4.17,3.51,4.16,4.74,3.71,2.28,4.32,3.87,4.61,2.52,4.43,4.43,13,27.692307692307693
49-2096,2.73,4.53,4.14,4.04,4.71,4.09,2.07,2.26,3.1300000000000003,4.24,3.42,3.75,2.95,13,23.692307692307693
49-2097,1.96,3.82,4.12,2.79,3.76,3.93,2.29,3.78,3.49,3.93,4.47,4.78,4.58,13,15.0
49-2098,2.55,4.08,4.49,4.75,4.33,4.33,1.66,3.43,3.86,4.05,4.3,4.98,4.13,13,22.923076923076923
49-3011,2.24,4.24,3.97,4.51,4.69,4.0,2.5,4.02,2.92,4.13,3.1699999999999995,3.41,3.71,13,20.846153846153847
49-3021,2.66,4.53,4.14,3.97,4.39,4.19,1.65,2.02,2.45,3.11,2.32,2.56,1.05,13,15.461538461538462
49-3022,2.13,4.41,3.43,3.59,4.12,3.93,2.18,4.75,2.87,3.6,3.79,4.84,2.46,13,15.923076923076923
49-3023,2.51,4.48,4.33,4.63,4.51,4.6,1.64,2.99,2.48,3.65,3.65,3.88,3.06,13,38.76923076923077
49-3031,2.51,4.07,4.07,4.23,4.44,4.4,1.76,4.29,2.77,3.84,2.91,3.81,3.05,13,26.846153846153847
49-3041,2.43,4.08,4.41,4.17,4.41,4.41,1.86,3.68,2.84,3.98,3.52,3.64,3.05,13,30.923076923076923
49-3042,2.5,3.93,4.2,4.5,4.34,4.23,1.86,4.49,1.72,4.3,3.4,4.33,3.9,13,48.46153846153846
49-3043,2.44,3.9899999999999998,4.13,3.0100000000000002,3.8300000000000005,4.58,1.57,4.26,1.67,4.02,2.84,2.64,2.31,13,27.53846153846154
49-3051,2.41,4.17,4.41,4.46,3.93,4.3,1.84,4.68,2.12,3.75,3.83,4.45,2.59,13,31.76923076923077
49-3052,2.4,4.54,4.19,4.88,4.71,4.88,1.62,3.52,3.71,4.37,3.63,3.24,3.69,13,15.846153846153847
49-3053,2.61,3.66,4.38,3.43,3.76,4.49,1.65,3.58,2.73,2.92,3.57,3.85,2.36,13,16.923076923076923
49-3091,1.61,4.53,4.63,4.97,4.48,4.5,1.85,1.68,4.99,3.26,4.82,5.0,4.13,13,15.76923076923077
49-3092,2.29,3.46,4.1,3.81,3.6199999999999997,4.15,1.9400000000000002,3.7599999999999993,1.5,3.27,3.3899999999999997,2.84,2.51,13,20.76923076923077
49-3093,2.49,4.15,3.98,4.06,4.53,4.67,1.44,2.91,1.76,4.4,4.17,3.98,2.67,13,27.76923076923077
49-9011,2.48,4.0,4.27,4.17,3.9000000000000004,4.03,2.01,4.14,2.67,3.9099999999999997,3.8800000000000003,4.79,2.98,13,35.76923076923077
49-9012,2.39,4.03,4.1,3.89,4.22,3.38,2.77,4.62,3.01,4.4,3.7,4.65,4.01,13,32.69230769230769
49-9021,2.24,3.8,4.3,4.35,4.15,3.9,2.02,4.05,3.44,4.21,3.89,4.68,3.89,13,38.92307692307692
49-9031,2.14,3.74,4.54,4.43,4.22,3.2199999999999998,2.4,3.49,4.04,3.58,4.65,4.89,3.57,13,25.923076923076923
49-9041,2.47,3.69,3.9,2.79,3.72,3.95,2.18,2.69,3.56,4.36,1.74,3.13,2.9,13,24.923076923076923
49-9043,2.5,3.7,4.44,3.77,4.1,4.3,1.93,2.9100000000000006,3.5399999999999996,4.14,2.42,3.52,3.76,13,21.923076923076923
49-9044,2.77,4.59,3.64,4.32,4.91,4.27,1.82,4.36,2.9100000000000006,4.64,2.77,4.23,3.95,13,22.0
49-9045,2.9599999999999995,4.67,3.7900000000000005,3.2900000000000005,3.73,4.38,1.5099999999999998,2.98,1.38,4.16,1.64,2.86,1.14,13,23.692307692307693
49-9051,2.59,4.11,4.27,4.75,4.56,4.19,2.13,5.0,1.4900000000000002,4.86,3.68,4.42,3.93,13,22.923076923076923
49-9052,2.4,4.54,4.51,4.05,4.38,3.9199999999999995,2.16,4.83,3.63,4.28,3.9899999999999998,4.69,3.29,13,28.0
49-9061,1.88,3.6700000000000004,4.39,3.37,4.63,2.31,4.17,1.14,4.62,2.69,3.13,3.6999999999999997,3.85,13,18.923076923076923
49-9062,2.18,3.82,4.35,3.94,4.72,3.54,2.41,2.46,4.7,4.33,3.8300000000000005,4.5,4.660000000000001,13,27.692307692307693
49-9063,2.38,3.86,4.73,3.76,4.9,2.76,3.36,1.29,4.76,2.15,3.81,4.8,4.76,13,21.076923076923077
49-9064,2.35,3.81,4.61,3.52,4.86,2.22,4.68,1.0,5.0,3.19,3.27,4.17,2.89,13,18.0
49-9071,2.6200000000000006,3.7200000000000006,4.07,4.18,3.9699999999999998,4.1,1.93,4.24,3.73,4.3,3.5299999999999994,4.61,4.45,13,53.76923076923077
49-9081,2.6,4.21,4.19,4.37,4.29,4.14,2.19,4.75,2.12,4.51,2.4100000000000006,4.04,4.75,13,30.0
49-9091,2.51,3.0300000000000002,4.81,3.65,4.05,3.34,2.26,3.3,4.12,2.76,3.58,4.21,4.39,13,25.76923076923077
49-9092,2.3,3.85,4.36,3.65,4.26,3.78,2.02,4.61,1.75,4.52,2.9800000000000004,4.14,3.3800000000000003,13,23.384615384615383
49-9094,2.5,3.92,4.04,4.0,4.48,3.38,2.54,4.38,3.62,3.6,4.31,4.96,4.81,13,25.846153846153847
49-9095,2.74,4.24,4.23,4.49,4.33,4.81,1.09,4.429999999999999,1.88,3.81,2.46,4.09,1.15,13,14.923076923076923
49-9096,2.55,4.61,3.9,4.09,4.42,4.11,1.72,4.58,2.38,4.41,3.08,4.18,2.73,13,16.923076923076923
49-9097,2.39,3.8600000000000003,4.44,3.8800000000000003,3.99,3.6199999999999997,2.41,4.67,2.73,4.57,2.97,4.55,3.4,13,17.76923076923077
49-9098,2.21,3.44,3.85,3.96,3.89,3.99,2.08,3.94,2.47,4.17,3.38,3.91,3.69,13,31.76923076923077
49-9099,2.69,3.5800000000000005,4.21,4.35,3.64,3.26,2.79,4.67,3.79,4.28,2.49,4.75,4.57,13,21.384615384615383
51-1011,2.83,4.5,4.32,4.48,4.23,3.9800000000000004,2.27,2.63,3.3,4.52,2.92,4.01,4.41,13,34.92307692307692
51-2011,2.55,3.53,3.59,3.24,4.45,3.71,2.49,1.45,4.08,4.06,2.29,2.22,1.72,13,32.92307692307692
51-2021,2.14,4.14,4.08,3.41,4.92,4.62,1.78,1.49,3.6100000000000003,3.8600000000000003,2.04,2.09,1.25,13,18.76923076923077
51-2022,2.26,4.48,3.78,3.26,4.11,3.02,3.42,1.92,4.78,3.7,2.28,2.5,1.9,13,31.0
51-2023,2.28,3.78,3.65,2.49,4.16,3.28,2.73,1.11,4.98,4.19,2.35,1.7300000000000002,3.22,13,21.923076923076923
51-2031,2.38,4.31,3.6700000000000004,3.84,4.49,4.23,1.89,2.1,2.99,4.21,2.79,2.59,2.52,13,38.0
51-2041,2.65,4.33,3.66,3.23,4.34,4.3,1.76,2.2,1.66,3.95,1.8,2.36,1.96,13,31.923076923076923
51-2051,2.3,4.59,3.0399999999999996,2.43,3.75,4.96,1.63,1.67,2.54,4.36,2.4,1.55,1.2,13,21.615384615384617
51-2061,1.49,2.9099999999999997,4.32,3.8699999999999997,3.58,2.46,3.57,1.26,4.02,3.63,1.4499999999999997,3.82,3.0900000000000003,13,12.846153846153847
51-2092,2.45,4.5,4.03,3.61,4.66,3.6,2.45,1.19,3.85,4.26,2.0,2.54,2.56,13,32.92307692307692
51-3011,2.16,4.320000000000001,4.2,3.6,4.2,4.4,1.57,1.16,3.7,3.89,3.41,3.77,2.88,13,30.692307692307693
51-3021,1.64,4.12,3.58,3.97,3.92,4.86,1.3,1.28,5.0,4.4,4.48,3.65,2.54,13,23.846153846153847
51-3022,2.57,4.59,2.6,4.64,4.51,5.0,1.23,2.29,4.75,4.31,3.43,3.04,1.43,13,16.692307692307693
51-3023,2.42,2.97,3.12,2.87,3.79,4.34,1.13,1.67,4.17,4.56,3.3,2.05,1.42,13,15.846153846153847
51-3091,2.49,4.03,3.54,3.49,4.32,4.78,1.45,1.23,3.29,3.7200000000000006,2.52,2.25,2.14,13,26.76923076923077
51-3092,2.25,4.19,3.6999999999999997,2.76,4.25,4.38,1.67,1.01,3.7900000000000005,4.22,1.9900000000000002,2.39,1.65,13,18.923076923076923
51-3093,2.12,4.14,4.59,3.5500000000000003,3.69,3.95,1.65,2.82,4.74,4.56,3.0,2.76,2.02,13,19.846153846153847
51-4021,2.61,4.41,3.7100000000000004,4.58,3.99,4.44,1.7699999999999998,1.45,2.47,3.47,1.32,2.5,1.93,13,21.76923076923077
51-4022,2.74,4.47,3.8,3.72,4.02,4.43,2.06,1.9,2.52,4.34,2.02,2.84,1.97,13,13.846153846153847
51-4023,2.4,4.36,3.55,4.03,4.39,4.31,1.7099999999999997,1.36,3.15,4.7,3.18,2.53,2.12,13,28.0
51-4031,2.31,4.14,2.36,3.05,4.37,3.73,2.57,1.42,2.69,3.16,1.71,1.18,1.07,13,16.923076923076923
51-4032,2.79,4.32,4.06,3.74,4.7,3.92,2.11,1.07,3.84,4.31,2.39,2.5,2.91,13,31.692307692307693
51-4033,2.38,4.31,3.87,3.48,4.62,4.11,1.87,1.53,4.16,3.5899999999999994,2.47,2.32,2.4,13,29.846153846153847
51-4034,2.41,3.26,2.9,2.28,3.71,4.09,1.73,1.5200000000000002,4.2,3.6,2.82,2.42,2.17,13,24.384615384615383
51-4035,2.44,4.1,3.49,2.44,4.63,4.5,1.48,1.27,2.24,3.53,1.88,1.7699999999999998,1.6699999999999997,13,21.76923076923077
51-4041,2.44,4.22,4.15,3.72,4.61,4.51,1.88,1.34,4.06,3.78,2.65,2.41,2.51,13,30.846153846153847
51-4051,2.63,3.39,3.85,3.38,4.08,4.04,2.14,1.8199999999999998,1.87,4.18,1.69,2.47,2.02,13,21.846153846153847
51-4052,2.48,3.48,3.2100000000000004,2.67,3.51,4.56,1.38,1.27,1.03,3.24,1.11,1.86,1.73,13,21.615384615384617
51-4061,2.7,4.24,3.9,3.2,4.78,4.61,1.33,1.12,3.99,3.4599999999999995,1.31,1.65,1.9000000000000001,13,19.0
51-4062,2.54,4.51,3.7900000000000005,3.18,4.13,3.84,2.24,1.94,3.5,4.14,2.07,3.85,3.78,13,23.53846153846154
51-4071,2.81,4.2,3.99,3.52,4.18,4.6,1.25,2.51,1.13,3.94,1.89,1.41,1.5599999999999998,13,20.923076923076923
51-4072,2.64,3.96,3.94,2.88,4.14,4.55,1.28,1.44,2.81,3.47,1.15,2.08,2.17,13,31.615384615384617
51-4081,2.61,4.46,3.9,2.78,4.69,4.36,1.81,1.12,3.79,3.78,2.24,2.05,3.32,13,15.923076923076923
51-4111,2.46,4.29,4.76,3.98,4.8,4.13,1.78,1.32,3.2,3.99,1.84,2.71,3.23,13,17.923076923076923
51-4121,2.35,4.51,3.31,3.34,4.36,3.5200000000000005,2.52,1.52,2.67,3.85,1.9899999999999998,2.14,1.88,13,42.38461538461539
51-4122,2.42,4.28,3.4699999999999998,3.76,4.38,4.26,2.19,1.69,2.54,4.17,2.09,2.43,2.48,13,25.76923076923077
51-4191,2.56,4.6,3.2900000000000005,3.5499999999999994,4.15,4.54,1.7299999999999998,1.51,3.02,4.01,1.63,2.91,1.91,13,23.846153846153847
51-4192,2.62,4.64,3.4800000000000004,3.14,4.69,4.28,1.9099999999999997,2.21,2.22,3.47,2.21,1.92,2.32,13,19.384615384615383
51-4193,2.34,4.94,3.9,3.36,4.22,4.27,1.75,1.46,2.23,4.15,2.17,1.87,1.65,13,29.384615384615383
51-4194,2.48,4.05,3.77,3.77,4.61,4.67,1.51,1.91,2.51,3.9399999999999995,2.13,2.19,1.9699999999999998,13,21.923076923076923
51-5111,1.94,4.92,3.95,3.01,4.64,2.34,4.21,1.18,4.619999999999999,3.96,2.6,4.37,4.46,13,30.46153846153846
51-5112,2.41,4.8,4.14,4.21,4.7,4.4,1.67,1.13,5.0,4.28,3.05,2.56,2.34,13,20.846153846153847
51-5113,2.01,3.87,3.42,3.6,4.31,4.71,1.54,1.1,4.28,4.55,2.51,1.98,1.57,13,25.923076923076923
51-6011,1.87,3.9100000000000006,2.92,2.83,3.93,4.62,1.38,1.59,3.5,3.72,2.49,2.03,1.37,13,30.846153846153847
51-6021,1.9199999999999997,3.9399999999999995,2.69,1.4699999999999998,4.07,4.28,1.55,1.5800000000000003,3.0399999999999996,3.4600000000000004,2.58,1.88,1.4699999999999998,13,21.76923076923077
51-6031,2.13,3.7600000000000002,3.0,2.68,3.9800000000000004,1.82,4.44,1.0,3.57,3.42,1.48,1.64,1.34,13,38.92307692307692
51-6041,2.12,4.03,4.33,3.56,4.19,4.3,2.05,1.0,4.32,2.51,3.51,3.92,2.21,13,17.0
51-6042,1.84,3.8899999999999997,3.5200000000000005,3.63,4.41,3.2599999999999993,3.3,1.02,3.72,3.87,1.6800000000000002,1.7399999999999998,2.02,13,19.846153846153847
51-6051,2.12,3.21,2.88,2.59,4.75,3.74,2.65,1.05,2.12,4.13,3.15,2.83,2.47,13,15.615384615384615
51-6052,2.22,4.53,4.4,3.8300000000000005,4.53,2.6,3.82,1.14,4.37,3.67,3.98,4.05,2.65,13,21.692307692307693
51-6061,1.9,3.82,3.76,3.8399999999999994,4.19,4.63,1.5800000000000003,1.1699999999999997,1.96,4.05,2.08,2.86,1.78,13,14.846153846153847
51-6062,2.16,3.8800000000000003,3.07,2.68,4.36,4.37,1.8099999999999998,1.42,2.84,3.53,1.5400000000000003,1.88,1.73,13,20.923076923076923
51-6063,2.14,4.06,3.79,2.91,3.98,4.03,2.07,1.0,3.6199999999999997,3.6499999999999995,1.44,1.77,1.73,13,20.846153846153847
51-6064,2.14,3.2699999999999996,3.07,2.34,3.87,4.62,1.43,1.18,3.36,4.01,1.65,1.4900000000000002,1.28,13,22.692307692307693
51-6091,2.58,3.8800000000000003,3.67,4.19,4.04,3.35,2.24,1.73,4.46,4.56,2.21,4.01,3.65,13,17.615384615384617
51-6092,2.19,4.07,4.27,4.19,4.72,3.17,3.06,1.05,3.95,4.53,2.54,4.03,3.6700000000000004,13,19.76923076923077
51-6093,2.05,3.8600000000000003,3.21,3.18,4.33,4.63,1.61,1.2,3.59,3.08,2.59,2.12,1.05,13,17.923076923076923
51-7011,2.28,4.11,3.6399999999999997,3.6100000000000003,4.11,4.64,1.49,1.86,2.53,3.85,3.2299999999999995,2.95,1.0,13,19.76923076923077
51-7021,2.25,3.8199999999999994,3.81,3.5800000000000005,4.22,4.65,1.52,1.3,2.47,3.75,1.45,1.9599999999999997,1.4,13,20.846153846153847
51-7031,2.23,4.16,3.32,3.81,4.24,4.1,1.94,1.48,2.0,3.51,2.26,3.33,3.02,13,15.76923076923077
51-7032,2.44,4.14,4.33,4.01,4.7,4.02,2.1,2.39,3.4100000000000006,4.14,3.36,3.65,3.68,13,23.46153846153846
51-7041,2.22,4.18,4.21,3.22,4.6,4.48,1.52,2.04,1.97,3.7300000000000004,1.2,2.19,1.68,13,18.923076923076923
51-7042,2.33,3.96,3.75,3.5800000000000005,4.4,4.74,1.39,1.7,1.59,4.19,2.28,2.61,1.57,13,30.46153846153846
51-8011,2.7,4.28,3.03,4.26,4.91,2.46,3.6200000000000006,2.16,4.99,4.89,2.13,4.97,4.88,13,40.76923076923077
51-8012,2.47,3.94,4.3,4.42,4.6,2.96,3.44,2.8,4.25,4.24,3.58,5.0,4.55,13,17.923076923076923
51-8013,2.5491752577319584,3.4095833333333334,4.190927835051546,4.128631578947368,3.9306250000000005,3.012916666666667,3.040625,3.7312500000000006,3.973958333333334,4.528125,2.51,4.145744680851064,4.0275,13,95.84615384615384
51-8021,2.32,3.74,4.21,3.94,4.25,3.5800000000000005,2.59,4.26,3.8,4.67,3.3600000000000003,4.8,4.57,13,20.846153846153847
51-8031,2.33,4.0,4.12,3.83,4.04,3.3800000000000003,2.54,4.65,4.17,4.09,3.4599999999999995,4.82,4.83,13,23.615384615384617
51-8091,2.45,4.11,4.2,4.66,4.46,3.28,2.7,4.54,4.54,4.1,1.68,4.59,3.54,13,33.92307692307692
51-8092,2.44,3.6000000000000005,4.2,4.08,4.52,3.01,2.88,4.29,3.6600000000000006,4.41,2.81,4.86,4.6,13,21.615384615384617
51-8093,2.62,3.75,3.74,4.15,4.05,3.0,3.32,4.84,3.83,4.5,2.63,4.34,3.8999999999999995,13,25.615384615384617
51-8099,2.47,3.93,4.27,4.24,4.39,3.3099999999999996,2.84,4.28,4.67,4.67,2.65,3.86,3.33,13,22.846153846153847
51-9011,2.53,4.02,3.98,3.7100000000000004,4.28,3.72,2.7,4.12,2.68,4.41,1.68,3.78,4.41,13,21.923076923076923
51-9012,2.47,2.95,4.27,3.5899999999999994,3.66,3.3399999999999994,2.51,1.6300000000000001,3.27,3.82,1.39,3.8399999999999994,1.86,13,29.692307692307693
51-9021,2.65,3.72,4.07,3.28,3.7,3.93,2.24,3.4,2.57,3.55,2.24,2.61,2.19,13,15.923076923076923
51-9022,2.4,4.05,3.7799999999999994,2.23,4.21,3.9099999999999997,2.29,2.53,3.58,3.6800000000000006,2.03,2.67,1.8400000000000003,13,17.76923076923077
51-9023,2.3,4.68,3.6500000000000004,4.29,4.62,4.69,1.63,2.49,3.6300000000000003,4.47,1.69,2.07,1.65,13,17.923076923076923
51-9031,2.04,3.75,3.16,2.05,4.570000000000001,4.56,1.5,1.02,4.63,3.47,1.16,1.05,1.09,13,15.538461538461538
51-9032,2.48,3.9299999999999997,3.59,3.69,4.53,4.77,1.53,1.7000000000000002,3.28,4.21,1.7999999999999998,2.82,2.6,13,40.76923076923077
51-9041,2.26,3.9200000000000004,3.54,3.78,4.2,4.55,1.72,1.13,3.03,4.16,2.15,2.88,1.55,13,39.76923076923077
51-9051,2.34,2.84,3.5499999999999994,3.49,3.99,3.8699999999999997,2.25,1.76,2.38,3.81,1.46,1.92,1.41,13,23.923076923076923
51-9061,2.51,3.72,4.12,3.75,4.55,3.82,2.37,1.94,3.24,4.5,2.9600000000000004,3.73,4.18,13,21.846153846153847
51-9071,2.4705882352941178,4.212727272727272,3.844117647058823,3.857058823529411,4.812941176470588,1.7541176470588236,4.4005882352941175,1.5723529411764705,4.833529411764706,4.249411764705882,3.911764705882353,4.439411764705882,4.169411764705882,13,33.92307692307692
51-9081,2.04,4.81,4.21,3.18,4.79,2.05,4.44,1.03,4.73,4.06,2.63,3.33,2.92,13,21.615384615384617
51-9082,1.97,4.39,3.86,4.39,4.39,4.34,1.96,1.18,4.85,3.94,3.76,4.21,3.79,13,30.615384615384617
51-9083,1.9,4.58,3.9899999999999998,3.73,4.26,3.87,2.13,1.01,4.97,4.06,3.31,3.53,2.82,13,27.615384615384617
51-9111,2.19,4.44,3.59,4.15,4.41,4.570000000000001,1.55,1.72,4.13,4.04,1.95,1.55,1.89,13,29.692307692307693
51-9123,1.75,2.86,3.65,2.82,3.85,3.38,2.58,1.23,2.79,3.9499999999999997,3.21,3.09,2.9,13,18.76923076923077
51-9124,2.18,4.23,3.7899999999999996,4.19,3.9600000000000004,4.28,1.31,2.11,2.81,4.1,2.01,1.63,1.39,13,36.53846153846154
51-9141,2.3,3.8600000000000003,3.34,3.2,4.25,3.56,2.85,1.28,4.98,4.01,1.72,3.75,2.54,13,20.846153846153847
51-9151,1.42,4.01,3.51,3.23,3.7300000000000004,3.9,2.47,2.23,4.08,3.8000000000000003,4.03,4.43,3.14,13,19.0
51-9161,2.49,4.41,4.04,3.52,4.79,4.6,1.6,1.27,3.8,3.75,1.91,2.19,2.37,13,31.76923076923077
51-9162,2.22,4.2,3.9,4.23,4.43,3.19,2.83,1.38,3.84,3.74,2.22,3.4500000000000006,4.01,13,23.692307692307693
51-9191,2.3,4.11,4.14,3.76,3.88,4.58,1.4699999999999998,1.22,3.9100000000000006,3.74,2.32,2.43,2.58,13,22.0
51-9192,2.28,4.09,3.25,3.23,3.2,4.7,1.9700000000000002,2.53,3.15,4.11,1.25,1.8,1.36,13,16.615384615384617
51-9193,2.5,4.06,3.8899999999999997,3.8899999999999997,4.09,4.32,2.39,3.21,4.33,4.02,1.9600000000000002,1.8299999999999998,2.26,13,19.76923076923077
51-9194,2.08,4.25,4.09,3.16,4.43,3.41,2.75,1.33,4.39,3.36,2.76,3.95,3.32,13,22.923076923076923
51-9195,2.1817647058823533,3.67768115942029,3.8600000000000003,3.6336231884057972,4.238695652173914,3.941449275362319,2.159710144927536,1.93463768115942,2.791764705882353,3.6453623188405797,2.997205882352941,2.5508695652173916,2.0753623188405794,13,68.6923076923077
51-9196,2.3,4.27,3.43,4.42,4.12,4.68,1.4599999999999997,1.12,3.0,4.52,2.2,1.63,1.65,13,27.153846153846153
51-9197,1.92,4.15,2.68,3.37,3.53,5.0,1.09,1.81,3.41,2.98,2.09,1.74,1.28,13,16.846153846153847
51-9198,2.34,4.09,3.69,3.52,3.88,3.75,2.03,2.12,1.8299999999999998,3.89,1.99,1.71,1.71,13,26.53846153846154
53-1041,2.36,4.69,4.47,4.67,4.57,3.52,2.48,4.38,4.07,4.85,4.25,4.95,4.98,13,17.923076923076923
53-1042,2.81,4.105,4.605,4.66,4.205,3.12,3.28,3.6049999999999995,3.6875675675675677,4.66,4.154999999999999,4.864054054054054,4.869999999999999,13,37.84615384615385
53-1043,2.7,3.9700000000000006,4.16,4.59,4.64,3.62,2.76,3.85,2.91,4.66,4.6,4.71,5.0,13,16.846153846153847
53-2011,1.6300000000000001,4.54,4.33,4.12,4.84,1.94,4.74,3.42,3.77,4.55,3.3399999999999994,3.45,4.03,13,29.76923076923077
53-2012,2.79,3.7699999999999996,4.81,4.36,4.63,1.9900000000000002,4.34,3.72,3.5500000000000003,4.68,2.89,4.3,4.94,13,18.923076923076923
53-2021,2.12,3.41,4.29,4.93,4.83,2.27,4.44,1.13,4.889999999999999,4.809999999999999,4.25,3.83,2.68,13,53.69230769230769
53-2022,2.29,4.1,4.79,4.38,4.67,3.31,3.06,4.21,3.91,4.75,4.77,4.9,4.7,13,24.76923076923077
53-2031,1.64,4.46,4.53,4.57,4.14,4.07,2.39,2.7,4.89,4.53,4.87,3.16,4.43,13,23.0
53-3011,2.08,3.78,4.08,4.31,4.4,3.04,3.22,4.23,2.73,4.17,4.06,3.9,3.49,13,18.923076923076923
53-3031,2.76,4.92,3.43,3.5899999999999994,4.18,3.61,2.9,5.0,3.21,3.28,4.3,3.77,2.19,13,15.0
53-3032,2.76,4.24,4.26,4.64,3.99,2.21,4.16,4.76,1.9599999999999997,3.5999999999999996,3.75,3.97,3.31,13,41.38461538461539
53-3033,2.71,4.19,3.34,3.98,4.34,2.8099999999999996,3.5599999999999996,4.15,2.43,3.47,4.08,4.24,3.27,13,28.76923076923077
53-3051,1.46,3.77,4.01,4.5,4.11,1.78,4.27,3.8999999999999995,1.66,3.4200000000000004,3.3,2.53,2.3,13,20.615384615384617
53-3052,2.05,3.84,3.68,4.26,3.82,1.76,4.85,3.16,2.71,3.2,3.8700000000000006,2.87,2.13,13,33.84615384615385
53-3053,1.87,4.13,4.09,4.01,4.12,2.65,4.02,4.35,2.49,3.86,4.38,3.28,2.66,13,22.23076923076923
53-4011,2.62,4.38,4.37,4.36,4.48,2.4,4.37,4.44,1.4900000000000002,4.76,3.2300000000000004,4.46,2.75,13,22.615384615384617
53-4013,1.9,3.48,3.96,3.52,3.54,2.25,3.74,4.68,1.41,4.89,2.66,3.36,2.65,13,29.153846153846153
53-4022,2.88,4.15,4.3,4.15,4.05,2.46,3.74,4.72,1.43,4.36,2.6,4.08,1.69,13,0.0
53-4031,2.8399999999999994,3.4100000000000006,3.84,4.32,4.06,2.54,3.9100000000000006,4.7,2.09,4.49,3.27,4.3,3.17,13,29.53846153846154
53-4041,2.76,3.82,2.78,4.32,4.42,2.61,4.24,4.04,2.4,3.98,4.36,2.46,1.68,13,28.846153846153847
53-5011,2.89,4.0,3.07,3.6399999999999997,4.32,4.2,1.91,5.0,2.4,4.05,2.81,2.38,3.2300000000000004,13,22.615384615384617
53-5021,2.77,3.98,4.54,4.63,4.09,3.41,2.86,4.34,2.87,4.43,3.49,4.38,3.73,13,83.38461538461539
53-5022,2.42,4.13,4.96,4.99,4.39,2.94,2.8,4.26,1.58,3.8600000000000003,4.38,3.36,2.35,13,17.0
53-5031,2.4,3.81,3.98,4.19,3.62,3.31,2.56,4.39,3.26,4.36,2.8399999999999994,3.89,3.4100000000000006,13,15.0
53-6011,2.05,3.1,4.15,3.63,3.95,2.84,3.2,3.37,4.47,3.47,3.55,4.32,3.8,13,19.53846153846154
53-6021,1.82,2.9900000000000007,2.91,3.2400000000000007,3.95,3.07,3.0599999999999996,3.61,3.4600000000000004,3.8,4.25,3.7400000000000007,1.55,13,22.923076923076923
53-6031,2.58,4.6,4.4,4.53,4.48,4.59,2.04,4.45,1.1,4.13,4.41,4.84,2.59,13,29.0
53-6041,1.74,4.23,4.0,3.89,4.39,2.43,3.56,4.0,4.28,4.07,3.82,4.11,4.6,13,25.692307692307693
53-6051,2.3417142857142856,4.180571428571429,4.2062857142857135,4.652285714285715,4.403142857142858,3.9817647058823527,2.283714285714286,3.617142857142857,3.226176470588235,3.980294117647059,3.3526470588235298,4.208857142857143,3.591142857142857,13,34.69230769230769
53-6061,1.45,2.92,2.84,3.7000000000000006,3.42,2.51,3.7999999999999994,3.17,1.27,3.38,3.23,1.77,1.56,13,17.846153846153847
53-7011,2.5,4.05,3.16,3.92,4.42,3.73,2.65,3.8500000000000005,1.99,4.09,1.76,3.03,1.64,13,41.30769230769231
53-7021,2.78,3.8,4.0,4.17,4.54,2.5,3.38,3.7900000000000005,2.78,4.36,2.21,3.61,2.61,13,33.61538461538461
53-7031,2.85,3.01,3.78,4.17,3.09,2.91,3.51,4.45,2.19,3.88,1.5,3.08,1.38,13,20.307692307692307
53-7041,2.54,4.75,4.71,4.59,4.79,2.6,3.45,3.07,1.29,4.74,2.51,2.75,1.2,13,17.923076923076923
53-7051,2.74,4.49,4.2,4.26,4.65,3.69,2.45,3.55,2.07,3.98,2.48,2.79,1.78,13,17.0
53-7061,2.23,4.2,4.24,3.14,3.82,4.18,1.97,2.89,2.54,3.72,2.45,2.81,2.31,13,15.76923076923077
53-7062,2.6209090909090906,3.615714285714286,3.632909090909091,3.484814814814815,3.69375,4.195,2.2405357142857145,4.310181818181818,1.8021818181818183,3.891785714285714,2.5663636363636364,2.516785714285714,1.4571428571428573,13,55.46153846153846
53-7063,2.36,3.71,2.98,2.67,3.99,4.46,1.66,1.72,3.15,3.85,1.87,1.8,1.55,13,38.76923076923077
53-7064,2.25,4.22,3.24,3.6300000000000003,4.32,4.27,1.88,1.9199999999999997,3.0399999999999996,4.03,2.69,3.05,3.32,13,21.76923076923077
53-7065,1.97,3.44,3.8500000000000005,3.42,3.96,3.8999999999999995,2.4,1.74,4.32,4.18,4.09,3.89,3.3700000000000006,13,83.23076923076923
53-7071,2.66,3.76,4.3,3.91,4.17,3.0,3.06,4.83,3.34,4.51,2.36,4.76,4.81,13,17.46153846153846
53-7072,2.92,3.31,3.96,4.28,3.84,3.4400000000000004,2.52,4.69,1.74,3.85,2.9,4.48,2.51,13,28.923076923076923
53-7073,2.45,3.5199999999999996,4.51,4.37,3.74,2.95,2.72,4.97,2.41,3.81,3.43,4.95,3.96,13,18.692307692307693
53-7081,2.57,3.74,3.91,2.95,2.96,3.09,3.47,4.89,1.34,2.93,2.78,2.8,1.31,13,18.923076923076923
53-7121,2.82,4.47,3.92,4.4,4.46,3.62,2.48,4.76,2.63,4.61,3.05,4.39,3.97,13,31.76923076923077
